#
# TABLE STRUCTURE FOR: completed_reservations
#

DROP TABLE IF EXISTS `completed_reservations`;

CREATE TABLE `completed_reservations` (
  `user_id` int(10) unsigned NOT NULL,
  `hotel_id` int(10) unsigned NOT NULL,
  `arrival_date` date DEFAULT NULL,
  `departure_date` date DEFAULT NULL,
  `cost` int(10) unsigned NOT NULL,
  PRIMARY KEY (`user_id`,`hotel_id`)
) ENGINE=InnoDB DEFAULT CHARSET=utf8 COLLATE=utf8_unicode_ci;

INSERT INTO `completed_reservations` (`user_id`, `hotel_id`, `arrival_date`, `departure_date`, `cost`) VALUES (1, 23, '1983-08-23', '1981-03-30', 801014493);
INSERT INTO `completed_reservations` (`user_id`, `hotel_id`, `arrival_date`, `departure_date`, `cost`) VALUES (2, 30, '2001-07-21', '1979-07-24', 773273230);
INSERT INTO `completed_reservations` (`user_id`, `hotel_id`, `arrival_date`, `departure_date`, `cost`) VALUES (3, 34, '1977-02-06', '2008-04-27', 24211);
INSERT INTO `completed_reservations` (`user_id`, `hotel_id`, `arrival_date`, `departure_date`, `cost`) VALUES (4, 12, '2003-05-07', '1997-09-16', 6);
INSERT INTO `completed_reservations` (`user_id`, `hotel_id`, `arrival_date`, `departure_date`, `cost`) VALUES (5, 27, '1992-03-01', '1987-07-24', 9949);
INSERT INTO `completed_reservations` (`user_id`, `hotel_id`, `arrival_date`, `departure_date`, `cost`) VALUES (6, 25, '2008-08-22', '1986-12-17', 0);
INSERT INTO `completed_reservations` (`user_id`, `hotel_id`, `arrival_date`, `departure_date`, `cost`) VALUES (7, 21, '1995-09-11', '1977-02-06', 349354942);
INSERT INTO `completed_reservations` (`user_id`, `hotel_id`, `arrival_date`, `departure_date`, `cost`) VALUES (8, 22, '2004-01-09', '2010-02-21', 421);
INSERT INTO `completed_reservations` (`user_id`, `hotel_id`, `arrival_date`, `departure_date`, `cost`) VALUES (9, 14, '2009-09-23', '1980-10-30', 108);
INSERT INTO `completed_reservations` (`user_id`, `hotel_id`, `arrival_date`, `departure_date`, `cost`) VALUES (10, 12, '2013-09-21', '2006-04-12', 85179);
INSERT INTO `completed_reservations` (`user_id`, `hotel_id`, `arrival_date`, `departure_date`, `cost`) VALUES (11, 2, '2002-05-08', '2006-02-13', 64963153);
INSERT INTO `completed_reservations` (`user_id`, `hotel_id`, `arrival_date`, `departure_date`, `cost`) VALUES (12, 23, '1975-03-01', '1983-04-28', 432647742);
INSERT INTO `completed_reservations` (`user_id`, `hotel_id`, `arrival_date`, `departure_date`, `cost`) VALUES (13, 23, '1981-08-04', '1987-06-09', 89289595);
INSERT INTO `completed_reservations` (`user_id`, `hotel_id`, `arrival_date`, `departure_date`, `cost`) VALUES (14, 16, '1989-09-10', '2007-07-28', 70);
INSERT INTO `completed_reservations` (`user_id`, `hotel_id`, `arrival_date`, `departure_date`, `cost`) VALUES (15, 6, '1976-08-08', '1997-09-05', 632424);
INSERT INTO `completed_reservations` (`user_id`, `hotel_id`, `arrival_date`, `departure_date`, `cost`) VALUES (16, 17, '1987-03-01', '2008-02-14', 1);
INSERT INTO `completed_reservations` (`user_id`, `hotel_id`, `arrival_date`, `departure_date`, `cost`) VALUES (17, 31, '2000-10-20', '2002-10-18', 240);
INSERT INTO `completed_reservations` (`user_id`, `hotel_id`, `arrival_date`, `departure_date`, `cost`) VALUES (18, 29, '1988-02-13', '1999-12-31', 41459685);
INSERT INTO `completed_reservations` (`user_id`, `hotel_id`, `arrival_date`, `departure_date`, `cost`) VALUES (19, 37, '2017-08-05', '2003-06-29', 76);
INSERT INTO `completed_reservations` (`user_id`, `hotel_id`, `arrival_date`, `departure_date`, `cost`) VALUES (20, 20, '1982-10-10', '1998-05-20', 60744);
INSERT INTO `completed_reservations` (`user_id`, `hotel_id`, `arrival_date`, `departure_date`, `cost`) VALUES (21, 28, '1994-06-02', '2015-09-12', 59);
INSERT INTO `completed_reservations` (`user_id`, `hotel_id`, `arrival_date`, `departure_date`, `cost`) VALUES (22, 15, '1991-01-27', '1995-03-31', 477773331);
INSERT INTO `completed_reservations` (`user_id`, `hotel_id`, `arrival_date`, `departure_date`, `cost`) VALUES (23, 33, '1971-04-03', '2004-01-11', 676241);
INSERT INTO `completed_reservations` (`user_id`, `hotel_id`, `arrival_date`, `departure_date`, `cost`) VALUES (24, 33, '1997-05-30', '1981-03-28', 9505);
INSERT INTO `completed_reservations` (`user_id`, `hotel_id`, `arrival_date`, `departure_date`, `cost`) VALUES (25, 31, '2013-10-25', '1991-08-20', 309);
INSERT INTO `completed_reservations` (`user_id`, `hotel_id`, `arrival_date`, `departure_date`, `cost`) VALUES (26, 8, '2005-01-05', '2015-12-06', 8);
INSERT INTO `completed_reservations` (`user_id`, `hotel_id`, `arrival_date`, `departure_date`, `cost`) VALUES (27, 26, '1997-11-20', '1986-01-28', 4808);
INSERT INTO `completed_reservations` (`user_id`, `hotel_id`, `arrival_date`, `departure_date`, `cost`) VALUES (28, 35, '1993-07-30', '2009-01-10', 31);
INSERT INTO `completed_reservations` (`user_id`, `hotel_id`, `arrival_date`, `departure_date`, `cost`) VALUES (29, 13, '2011-03-19', '2004-03-26', 5681151);
INSERT INTO `completed_reservations` (`user_id`, `hotel_id`, `arrival_date`, `departure_date`, `cost`) VALUES (30, 20, '2014-09-16', '1980-09-03', 93796714);
INSERT INTO `completed_reservations` (`user_id`, `hotel_id`, `arrival_date`, `departure_date`, `cost`) VALUES (31, 2, '2007-01-09', '1974-09-08', 28675);
INSERT INTO `completed_reservations` (`user_id`, `hotel_id`, `arrival_date`, `departure_date`, `cost`) VALUES (32, 36, '1972-07-15', '1974-07-07', 5279);
INSERT INTO `completed_reservations` (`user_id`, `hotel_id`, `arrival_date`, `departure_date`, `cost`) VALUES (33, 10, '2016-11-26', '2007-10-31', 10799);
INSERT INTO `completed_reservations` (`user_id`, `hotel_id`, `arrival_date`, `departure_date`, `cost`) VALUES (34, 35, '1974-04-22', '2003-05-25', 67685);
INSERT INTO `completed_reservations` (`user_id`, `hotel_id`, `arrival_date`, `departure_date`, `cost`) VALUES (35, 7, '1989-08-21', '2012-01-21', 74);
INSERT INTO `completed_reservations` (`user_id`, `hotel_id`, `arrival_date`, `departure_date`, `cost`) VALUES (36, 36, '2012-06-18', '2010-05-31', 26918905);
INSERT INTO `completed_reservations` (`user_id`, `hotel_id`, `arrival_date`, `departure_date`, `cost`) VALUES (37, 19, '2016-12-06', '2014-10-03', 89668140);
INSERT INTO `completed_reservations` (`user_id`, `hotel_id`, `arrival_date`, `departure_date`, `cost`) VALUES (38, 28, '2012-04-01', '1978-08-08', 265155);
INSERT INTO `completed_reservations` (`user_id`, `hotel_id`, `arrival_date`, `departure_date`, `cost`) VALUES (39, 18, '1988-03-17', '2007-04-13', 733864940);
INSERT INTO `completed_reservations` (`user_id`, `hotel_id`, `arrival_date`, `departure_date`, `cost`) VALUES (40, 32, '1973-06-25', '1987-08-24', 70);


#
# TABLE STRUCTURE FOR: credit_card
#

DROP TABLE IF EXISTS `credit_card`;

CREATE TABLE `credit_card` (
  `user_id` int(10) unsigned NOT NULL,
  `number_card` varchar(150) COLLATE utf8_unicode_ci NOT NULL,
  `card_end_date` date DEFAULT NULL,
  `card_for_booking` tinyint(1) DEFAULT NULL,
  `charge_rewards` tinyint(1) DEFAULT NULL,
  PRIMARY KEY (`user_id`),
  UNIQUE KEY `number_card` (`number_card`)
) ENGINE=InnoDB DEFAULT CHARSET=utf8 COLLATE=utf8_unicode_ci;

INSERT INTO `credit_card` (`user_id`, `number_card`, `card_end_date`, `card_for_booking`, `charge_rewards`) VALUES (1, '7', '0000-00-00', 1, 0);
INSERT INTO `credit_card` (`user_id`, `number_card`, `card_end_date`, `card_for_booking`, `charge_rewards`) VALUES (2, '31234', '0000-00-00', 1, 0);
INSERT INTO `credit_card` (`user_id`, `number_card`, `card_end_date`, `card_for_booking`, `charge_rewards`) VALUES (3, '662', '0000-00-00', 0, 0);
INSERT INTO `credit_card` (`user_id`, `number_card`, `card_end_date`, `card_for_booking`, `charge_rewards`) VALUES (4, '6', '0000-00-00', 1, 0);
INSERT INTO `credit_card` (`user_id`, `number_card`, `card_end_date`, `card_for_booking`, `charge_rewards`) VALUES (5, '28', '0000-00-00', 1, 0);
INSERT INTO `credit_card` (`user_id`, `number_card`, `card_end_date`, `card_for_booking`, `charge_rewards`) VALUES (6, '2323', '0000-00-00', 1, 1);
INSERT INTO `credit_card` (`user_id`, `number_card`, `card_end_date`, `card_for_booking`, `charge_rewards`) VALUES (7, '497796485', '0000-00-00', 0, 0);
INSERT INTO `credit_card` (`user_id`, `number_card`, `card_end_date`, `card_for_booking`, `charge_rewards`) VALUES (8, '5953', '0000-00-00', 0, 1);
INSERT INTO `credit_card` (`user_id`, `number_card`, `card_end_date`, `card_for_booking`, `charge_rewards`) VALUES (9, '38', '0000-00-00', 0, 1);
INSERT INTO `credit_card` (`user_id`, `number_card`, `card_end_date`, `card_for_booking`, `charge_rewards`) VALUES (10, '1671', '0000-00-00', 1, 0);
INSERT INTO `credit_card` (`user_id`, `number_card`, `card_end_date`, `card_for_booking`, `charge_rewards`) VALUES (11, '45', '0000-00-00', 1, 0);
INSERT INTO `credit_card` (`user_id`, `number_card`, `card_end_date`, `card_for_booking`, `charge_rewards`) VALUES (12, '16322699', '0000-00-00', 0, 0);
INSERT INTO `credit_card` (`user_id`, `number_card`, `card_end_date`, `card_for_booking`, `charge_rewards`) VALUES (13, '64287', '0000-00-00', 0, 0);
INSERT INTO `credit_card` (`user_id`, `number_card`, `card_end_date`, `card_for_booking`, `charge_rewards`) VALUES (14, '624', '0000-00-00', 1, 0);
INSERT INTO `credit_card` (`user_id`, `number_card`, `card_end_date`, `card_for_booking`, `charge_rewards`) VALUES (15, '6949308', '0000-00-00', 1, 0);
INSERT INTO `credit_card` (`user_id`, `number_card`, `card_end_date`, `card_for_booking`, `charge_rewards`) VALUES (16, '645066', '0000-00-00', 0, 0);
INSERT INTO `credit_card` (`user_id`, `number_card`, `card_end_date`, `card_for_booking`, `charge_rewards`) VALUES (17, '70055', '0000-00-00', 0, 1);
INSERT INTO `credit_card` (`user_id`, `number_card`, `card_end_date`, `card_for_booking`, `charge_rewards`) VALUES (18, '545', '0000-00-00', 1, 1);
INSERT INTO `credit_card` (`user_id`, `number_card`, `card_end_date`, `card_for_booking`, `charge_rewards`) VALUES (19, '11', '0000-00-00', 0, 1);
INSERT INTO `credit_card` (`user_id`, `number_card`, `card_end_date`, `card_for_booking`, `charge_rewards`) VALUES (20, '3588070', '0000-00-00', 0, 0);
INSERT INTO `credit_card` (`user_id`, `number_card`, `card_end_date`, `card_for_booking`, `charge_rewards`) VALUES (21, '88083', '0000-00-00', 1, 1);
INSERT INTO `credit_card` (`user_id`, `number_card`, `card_end_date`, `card_for_booking`, `charge_rewards`) VALUES (22, '28418', '0000-00-00', 0, 1);
INSERT INTO `credit_card` (`user_id`, `number_card`, `card_end_date`, `card_for_booking`, `charge_rewards`) VALUES (23, '53730', '0000-00-00', 0, 1);
INSERT INTO `credit_card` (`user_id`, `number_card`, `card_end_date`, `card_for_booking`, `charge_rewards`) VALUES (24, '892', '0000-00-00', 1, 1);
INSERT INTO `credit_card` (`user_id`, `number_card`, `card_end_date`, `card_for_booking`, `charge_rewards`) VALUES (25, '643444', '0000-00-00', 0, 1);
INSERT INTO `credit_card` (`user_id`, `number_card`, `card_end_date`, `card_for_booking`, `charge_rewards`) VALUES (26, '2965209', '0000-00-00', 1, 1);
INSERT INTO `credit_card` (`user_id`, `number_card`, `card_end_date`, `card_for_booking`, `charge_rewards`) VALUES (27, '299', '0000-00-00', 1, 0);
INSERT INTO `credit_card` (`user_id`, `number_card`, `card_end_date`, `card_for_booking`, `charge_rewards`) VALUES (28, '716', '0000-00-00', 1, 0);
INSERT INTO `credit_card` (`user_id`, `number_card`, `card_end_date`, `card_for_booking`, `charge_rewards`) VALUES (29, '3767', '0000-00-00', 1, 1);
INSERT INTO `credit_card` (`user_id`, `number_card`, `card_end_date`, `card_for_booking`, `charge_rewards`) VALUES (30, '2', '0000-00-00', 1, 1);
INSERT INTO `credit_card` (`user_id`, `number_card`, `card_end_date`, `card_for_booking`, `charge_rewards`) VALUES (31, '369', '0000-00-00', 1, 1);
INSERT INTO `credit_card` (`user_id`, `number_card`, `card_end_date`, `card_for_booking`, `charge_rewards`) VALUES (32, '817', '0000-00-00', 1, 1);
INSERT INTO `credit_card` (`user_id`, `number_card`, `card_end_date`, `card_for_booking`, `charge_rewards`) VALUES (33, '212184640', '0000-00-00', 1, 0);
INSERT INTO `credit_card` (`user_id`, `number_card`, `card_end_date`, `card_for_booking`, `charge_rewards`) VALUES (34, '2733301', '0000-00-00', 0, 0);
INSERT INTO `credit_card` (`user_id`, `number_card`, `card_end_date`, `card_for_booking`, `charge_rewards`) VALUES (35, '8', '0000-00-00', 1, 1);
INSERT INTO `credit_card` (`user_id`, `number_card`, `card_end_date`, `card_for_booking`, `charge_rewards`) VALUES (36, '8321', '0000-00-00', 1, 1);
INSERT INTO `credit_card` (`user_id`, `number_card`, `card_end_date`, `card_for_booking`, `charge_rewards`) VALUES (37, '2819', '0000-00-00', 1, 0);
INSERT INTO `credit_card` (`user_id`, `number_card`, `card_end_date`, `card_for_booking`, `charge_rewards`) VALUES (38, '942405110', '0000-00-00', 0, 0);
INSERT INTO `credit_card` (`user_id`, `number_card`, `card_end_date`, `card_for_booking`, `charge_rewards`) VALUES (39, '', '0000-00-00', 0, 1);
INSERT INTO `credit_card` (`user_id`, `number_card`, `card_end_date`, `card_for_booking`, `charge_rewards`) VALUES (40, '1', '0000-00-00', 0, 0);
INSERT INTO `credit_card` (`user_id`, `number_card`, `card_end_date`, `card_for_booking`, `charge_rewards`) VALUES (41, '1496871', '0000-00-00', 0, 1);
INSERT INTO `credit_card` (`user_id`, `number_card`, `card_end_date`, `card_for_booking`, `charge_rewards`) VALUES (42, '90', '0000-00-00', 0, 1);
INSERT INTO `credit_card` (`user_id`, `number_card`, `card_end_date`, `card_for_booking`, `charge_rewards`) VALUES (43, '40', '0000-00-00', 1, 0);
INSERT INTO `credit_card` (`user_id`, `number_card`, `card_end_date`, `card_for_booking`, `charge_rewards`) VALUES (44, '982', '0000-00-00', 1, 0);
INSERT INTO `credit_card` (`user_id`, `number_card`, `card_end_date`, `card_for_booking`, `charge_rewards`) VALUES (45, '51', '0000-00-00', 1, 1);
INSERT INTO `credit_card` (`user_id`, `number_card`, `card_end_date`, `card_for_booking`, `charge_rewards`) VALUES (46, '5', '0000-00-00', 0, 0);
INSERT INTO `credit_card` (`user_id`, `number_card`, `card_end_date`, `card_for_booking`, `charge_rewards`) VALUES (47, '73754', '0000-00-00', 0, 0);
INSERT INTO `credit_card` (`user_id`, `number_card`, `card_end_date`, `card_for_booking`, `charge_rewards`) VALUES (48, '87709107', '0000-00-00', 1, 1);
INSERT INTO `credit_card` (`user_id`, `number_card`, `card_end_date`, `card_for_booking`, `charge_rewards`) VALUES (49, '9055', '0000-00-00', 1, 0);
INSERT INTO `credit_card` (`user_id`, `number_card`, `card_end_date`, `card_for_booking`, `charge_rewards`) VALUES (50, '5276', '0000-00-00', 0, 1);
INSERT INTO `credit_card` (`user_id`, `number_card`, `card_end_date`, `card_for_booking`, `charge_rewards`) VALUES (51, '10197', '0000-00-00', 1, 0);
INSERT INTO `credit_card` (`user_id`, `number_card`, `card_end_date`, `card_for_booking`, `charge_rewards`) VALUES (52, '535532', '0000-00-00', 0, 1);
INSERT INTO `credit_card` (`user_id`, `number_card`, `card_end_date`, `card_for_booking`, `charge_rewards`) VALUES (53, '50930', '0000-00-00', 0, 0);
INSERT INTO `credit_card` (`user_id`, `number_card`, `card_end_date`, `card_for_booking`, `charge_rewards`) VALUES (54, '48', '0000-00-00', 1, 1);
INSERT INTO `credit_card` (`user_id`, `number_card`, `card_end_date`, `card_for_booking`, `charge_rewards`) VALUES (55, '264', '0000-00-00', 1, 1);
INSERT INTO `credit_card` (`user_id`, `number_card`, `card_end_date`, `card_for_booking`, `charge_rewards`) VALUES (56, '4', '0000-00-00', 0, 0);
INSERT INTO `credit_card` (`user_id`, `number_card`, `card_end_date`, `card_for_booking`, `charge_rewards`) VALUES (57, '908551', '0000-00-00', 0, 1);
INSERT INTO `credit_card` (`user_id`, `number_card`, `card_end_date`, `card_for_booking`, `charge_rewards`) VALUES (58, '41419076', '0000-00-00', 1, 0);
INSERT INTO `credit_card` (`user_id`, `number_card`, `card_end_date`, `card_for_booking`, `charge_rewards`) VALUES (59, '770', '0000-00-00', 1, 1);
INSERT INTO `credit_card` (`user_id`, `number_card`, `card_end_date`, `card_for_booking`, `charge_rewards`) VALUES (60, '74676', '0000-00-00', 1, 1);
INSERT INTO `credit_card` (`user_id`, `number_card`, `card_end_date`, `card_for_booking`, `charge_rewards`) VALUES (61, '623690', '0000-00-00', 0, 1);
INSERT INTO `credit_card` (`user_id`, `number_card`, `card_end_date`, `card_for_booking`, `charge_rewards`) VALUES (62, '21403', '0000-00-00', 1, 1);
INSERT INTO `credit_card` (`user_id`, `number_card`, `card_end_date`, `card_for_booking`, `charge_rewards`) VALUES (63, '624942540', '0000-00-00', 0, 0);
INSERT INTO `credit_card` (`user_id`, `number_card`, `card_end_date`, `card_for_booking`, `charge_rewards`) VALUES (64, '760151850', '0000-00-00', 1, 0);
INSERT INTO `credit_card` (`user_id`, `number_card`, `card_end_date`, `card_for_booking`, `charge_rewards`) VALUES (65, '29', '0000-00-00', 1, 0);
INSERT INTO `credit_card` (`user_id`, `number_card`, `card_end_date`, `card_for_booking`, `charge_rewards`) VALUES (66, '528874346', '0000-00-00', 0, 1);
INSERT INTO `credit_card` (`user_id`, `number_card`, `card_end_date`, `card_for_booking`, `charge_rewards`) VALUES (67, '841344666', '0000-00-00', 0, 0);
INSERT INTO `credit_card` (`user_id`, `number_card`, `card_end_date`, `card_for_booking`, `charge_rewards`) VALUES (68, '78777332', '0000-00-00', 1, 0);
INSERT INTO `credit_card` (`user_id`, `number_card`, `card_end_date`, `card_for_booking`, `charge_rewards`) VALUES (69, '41614677', '0000-00-00', 0, 1);
INSERT INTO `credit_card` (`user_id`, `number_card`, `card_end_date`, `card_for_booking`, `charge_rewards`) VALUES (70, '860', '0000-00-00', 0, 0);
INSERT INTO `credit_card` (`user_id`, `number_card`, `card_end_date`, `card_for_booking`, `charge_rewards`) VALUES (71, '244080', '0000-00-00', 1, 0);
INSERT INTO `credit_card` (`user_id`, `number_card`, `card_end_date`, `card_for_booking`, `charge_rewards`) VALUES (72, '9425', '0000-00-00', 1, 0);
INSERT INTO `credit_card` (`user_id`, `number_card`, `card_end_date`, `card_for_booking`, `charge_rewards`) VALUES (73, '112892', '0000-00-00', 0, 1);
INSERT INTO `credit_card` (`user_id`, `number_card`, `card_end_date`, `card_for_booking`, `charge_rewards`) VALUES (74, '917', '0000-00-00', 1, 0);
INSERT INTO `credit_card` (`user_id`, `number_card`, `card_end_date`, `card_for_booking`, `charge_rewards`) VALUES (75, '60', '0000-00-00', 1, 1);
INSERT INTO `credit_card` (`user_id`, `number_card`, `card_end_date`, `card_for_booking`, `charge_rewards`) VALUES (76, '84', '0000-00-00', 0, 0);
INSERT INTO `credit_card` (`user_id`, `number_card`, `card_end_date`, `card_for_booking`, `charge_rewards`) VALUES (77, '432753507', '0000-00-00', 0, 1);
INSERT INTO `credit_card` (`user_id`, `number_card`, `card_end_date`, `card_for_booking`, `charge_rewards`) VALUES (78, '18041101', '0000-00-00', 0, 0);
INSERT INTO `credit_card` (`user_id`, `number_card`, `card_end_date`, `card_for_booking`, `charge_rewards`) VALUES (79, '11040334', '0000-00-00', 1, 0);
INSERT INTO `credit_card` (`user_id`, `number_card`, `card_end_date`, `card_for_booking`, `charge_rewards`) VALUES (80, '19970', '0000-00-00', 1, 0);
INSERT INTO `credit_card` (`user_id`, `number_card`, `card_end_date`, `card_for_booking`, `charge_rewards`) VALUES (81, '640135', '0000-00-00', 1, 1);
INSERT INTO `credit_card` (`user_id`, `number_card`, `card_end_date`, `card_for_booking`, `charge_rewards`) VALUES (82, '3', '0000-00-00', 1, 0);
INSERT INTO `credit_card` (`user_id`, `number_card`, `card_end_date`, `card_for_booking`, `charge_rewards`) VALUES (83, '3983', '0000-00-00', 1, 0);
INSERT INTO `credit_card` (`user_id`, `number_card`, `card_end_date`, `card_for_booking`, `charge_rewards`) VALUES (84, '1483015', '0000-00-00', 0, 0);
INSERT INTO `credit_card` (`user_id`, `number_card`, `card_end_date`, `card_for_booking`, `charge_rewards`) VALUES (85, '50', '0000-00-00', 0, 0);
INSERT INTO `credit_card` (`user_id`, `number_card`, `card_end_date`, `card_for_booking`, `charge_rewards`) VALUES (86, '805', '0000-00-00', 1, 1);
INSERT INTO `credit_card` (`user_id`, `number_card`, `card_end_date`, `card_for_booking`, `charge_rewards`) VALUES (87, '25555319', '0000-00-00', 0, 0);
INSERT INTO `credit_card` (`user_id`, `number_card`, `card_end_date`, `card_for_booking`, `charge_rewards`) VALUES (88, '838998', '0000-00-00', 0, 0);
INSERT INTO `credit_card` (`user_id`, `number_card`, `card_end_date`, `card_for_booking`, `charge_rewards`) VALUES (89, '7396', '0000-00-00', 0, 1);
INSERT INTO `credit_card` (`user_id`, `number_card`, `card_end_date`, `card_for_booking`, `charge_rewards`) VALUES (90, '583837752', '0000-00-00', 0, 1);
INSERT INTO `credit_card` (`user_id`, `number_card`, `card_end_date`, `card_for_booking`, `charge_rewards`) VALUES (91, '81010778', '0000-00-00', 0, 0);
INSERT INTO `credit_card` (`user_id`, `number_card`, `card_end_date`, `card_for_booking`, `charge_rewards`) VALUES (92, '67', '0000-00-00', 0, 1);
INSERT INTO `credit_card` (`user_id`, `number_card`, `card_end_date`, `card_for_booking`, `charge_rewards`) VALUES (93, '893', '0000-00-00', 1, 0);
INSERT INTO `credit_card` (`user_id`, `number_card`, `card_end_date`, `card_for_booking`, `charge_rewards`) VALUES (94, '98205702', '0000-00-00', 0, 1);
INSERT INTO `credit_card` (`user_id`, `number_card`, `card_end_date`, `card_for_booking`, `charge_rewards`) VALUES (95, '53', '0000-00-00', 0, 0);
INSERT INTO `credit_card` (`user_id`, `number_card`, `card_end_date`, `card_for_booking`, `charge_rewards`) VALUES (96, '4608', '0000-00-00', 0, 0);
INSERT INTO `credit_card` (`user_id`, `number_card`, `card_end_date`, `card_for_booking`, `charge_rewards`) VALUES (97, '4242115', '0000-00-00', 0, 0);
INSERT INTO `credit_card` (`user_id`, `number_card`, `card_end_date`, `card_for_booking`, `charge_rewards`) VALUES (98, '396465', '0000-00-00', 1, 0);
INSERT INTO `credit_card` (`user_id`, `number_card`, `card_end_date`, `card_for_booking`, `charge_rewards`) VALUES (99, '424', '0000-00-00', 1, 0);
INSERT INTO `credit_card` (`user_id`, `number_card`, `card_end_date`, `card_for_booking`, `charge_rewards`) VALUES (100, '936', '0000-00-00', 1, 0);
INSERT INTO `credit_card` (`user_id`, `number_card`, `card_end_date`, `card_for_booking`, `charge_rewards`) VALUES (101, '450541', '0000-00-00', 0, 1);
INSERT INTO `credit_card` (`user_id`, `number_card`, `card_end_date`, `card_for_booking`, `charge_rewards`) VALUES (102, '6356', '0000-00-00', 1, 1);
INSERT INTO `credit_card` (`user_id`, `number_card`, `card_end_date`, `card_for_booking`, `charge_rewards`) VALUES (103, '86', '0000-00-00', 1, 0);
INSERT INTO `credit_card` (`user_id`, `number_card`, `card_end_date`, `card_for_booking`, `charge_rewards`) VALUES (104, '6484947', '0000-00-00', 1, 1);
INSERT INTO `credit_card` (`user_id`, `number_card`, `card_end_date`, `card_for_booking`, `charge_rewards`) VALUES (105, '6644', '0000-00-00', 0, 0);
INSERT INTO `credit_card` (`user_id`, `number_card`, `card_end_date`, `card_for_booking`, `charge_rewards`) VALUES (106, '1516', '0000-00-00', 0, 1);
INSERT INTO `credit_card` (`user_id`, `number_card`, `card_end_date`, `card_for_booking`, `charge_rewards`) VALUES (107, '553194', '0000-00-00', 1, 1);
INSERT INTO `credit_card` (`user_id`, `number_card`, `card_end_date`, `card_for_booking`, `charge_rewards`) VALUES (108, '1334', '0000-00-00', 1, 1);
INSERT INTO `credit_card` (`user_id`, `number_card`, `card_end_date`, `card_for_booking`, `charge_rewards`) VALUES (109, '45387569', '0000-00-00', 0, 1);
INSERT INTO `credit_card` (`user_id`, `number_card`, `card_end_date`, `card_for_booking`, `charge_rewards`) VALUES (110, '6416', '0000-00-00', 1, 1);
INSERT INTO `credit_card` (`user_id`, `number_card`, `card_end_date`, `card_for_booking`, `charge_rewards`) VALUES (111, '9241', '0000-00-00', 1, 0);
INSERT INTO `credit_card` (`user_id`, `number_card`, `card_end_date`, `card_for_booking`, `charge_rewards`) VALUES (112, '31367121', '0000-00-00', 0, 1);
INSERT INTO `credit_card` (`user_id`, `number_card`, `card_end_date`, `card_for_booking`, `charge_rewards`) VALUES (113, '45288284', '0000-00-00', 0, 1);
INSERT INTO `credit_card` (`user_id`, `number_card`, `card_end_date`, `card_for_booking`, `charge_rewards`) VALUES (114, '87071', '0000-00-00', 1, 1);
INSERT INTO `credit_card` (`user_id`, `number_card`, `card_end_date`, `card_for_booking`, `charge_rewards`) VALUES (115, '2616503', '0000-00-00', 0, 1);
INSERT INTO `credit_card` (`user_id`, `number_card`, `card_end_date`, `card_for_booking`, `charge_rewards`) VALUES (116, '98256', '0000-00-00', 0, 1);
INSERT INTO `credit_card` (`user_id`, `number_card`, `card_end_date`, `card_for_booking`, `charge_rewards`) VALUES (117, '74642372', '0000-00-00', 0, 0);
INSERT INTO `credit_card` (`user_id`, `number_card`, `card_end_date`, `card_for_booking`, `charge_rewards`) VALUES (118, '507665', '0000-00-00', 0, 1);
INSERT INTO `credit_card` (`user_id`, `number_card`, `card_end_date`, `card_for_booking`, `charge_rewards`) VALUES (119, '791116416', '0000-00-00', 1, 1);
INSERT INTO `credit_card` (`user_id`, `number_card`, `card_end_date`, `card_for_booking`, `charge_rewards`) VALUES (120, '41208', '0000-00-00', 0, 0);
INSERT INTO `credit_card` (`user_id`, `number_card`, `card_end_date`, `card_for_booking`, `charge_rewards`) VALUES (121, '88', '0000-00-00', 0, 0);
INSERT INTO `credit_card` (`user_id`, `number_card`, `card_end_date`, `card_for_booking`, `charge_rewards`) VALUES (122, '526', '0000-00-00', 1, 0);
INSERT INTO `credit_card` (`user_id`, `number_card`, `card_end_date`, `card_for_booking`, `charge_rewards`) VALUES (123, '5290', '0000-00-00', 1, 1);
INSERT INTO `credit_card` (`user_id`, `number_card`, `card_end_date`, `card_for_booking`, `charge_rewards`) VALUES (124, '519', '0000-00-00', 1, 0);
INSERT INTO `credit_card` (`user_id`, `number_card`, `card_end_date`, `card_for_booking`, `charge_rewards`) VALUES (125, '173295343', '0000-00-00', 0, 1);
INSERT INTO `credit_card` (`user_id`, `number_card`, `card_end_date`, `card_for_booking`, `charge_rewards`) VALUES (126, '33', '0000-00-00', 0, 0);
INSERT INTO `credit_card` (`user_id`, `number_card`, `card_end_date`, `card_for_booking`, `charge_rewards`) VALUES (127, '58511', '0000-00-00', 1, 1);
INSERT INTO `credit_card` (`user_id`, `number_card`, `card_end_date`, `card_for_booking`, `charge_rewards`) VALUES (128, '81309063', '0000-00-00', 0, 0);
INSERT INTO `credit_card` (`user_id`, `number_card`, `card_end_date`, `card_for_booking`, `charge_rewards`) VALUES (129, '562', '0000-00-00', 1, 1);
INSERT INTO `credit_card` (`user_id`, `number_card`, `card_end_date`, `card_for_booking`, `charge_rewards`) VALUES (130, '211519', '0000-00-00', 0, 1);
INSERT INTO `credit_card` (`user_id`, `number_card`, `card_end_date`, `card_for_booking`, `charge_rewards`) VALUES (131, '9', '0000-00-00', 1, 1);
INSERT INTO `credit_card` (`user_id`, `number_card`, `card_end_date`, `card_for_booking`, `charge_rewards`) VALUES (132, '135', '0000-00-00', 0, 0);
INSERT INTO `credit_card` (`user_id`, `number_card`, `card_end_date`, `card_for_booking`, `charge_rewards`) VALUES (133, '200', '0000-00-00', 1, 0);
INSERT INTO `credit_card` (`user_id`, `number_card`, `card_end_date`, `card_for_booking`, `charge_rewards`) VALUES (134, '1137', '0000-00-00', 0, 0);
INSERT INTO `credit_card` (`user_id`, `number_card`, `card_end_date`, `card_for_booking`, `charge_rewards`) VALUES (135, '815', '0000-00-00', 1, 0);
INSERT INTO `credit_card` (`user_id`, `number_card`, `card_end_date`, `card_for_booking`, `charge_rewards`) VALUES (136, '367', '0000-00-00', 0, 0);
INSERT INTO `credit_card` (`user_id`, `number_card`, `card_end_date`, `card_for_booking`, `charge_rewards`) VALUES (137, '7864', '0000-00-00', 1, 1);
INSERT INTO `credit_card` (`user_id`, `number_card`, `card_end_date`, `card_for_booking`, `charge_rewards`) VALUES (138, '28054', '0000-00-00', 0, 0);
INSERT INTO `credit_card` (`user_id`, `number_card`, `card_end_date`, `card_for_booking`, `charge_rewards`) VALUES (139, '310834121', '0000-00-00', 0, 0);
INSERT INTO `credit_card` (`user_id`, `number_card`, `card_end_date`, `card_for_booking`, `charge_rewards`) VALUES (140, '335328312', '0000-00-00', 0, 1);
INSERT INTO `credit_card` (`user_id`, `number_card`, `card_end_date`, `card_for_booking`, `charge_rewards`) VALUES (141, '28221', '0000-00-00', 0, 1);
INSERT INTO `credit_card` (`user_id`, `number_card`, `card_end_date`, `card_for_booking`, `charge_rewards`) VALUES (142, '785', '0000-00-00', 0, 1);
INSERT INTO `credit_card` (`user_id`, `number_card`, `card_end_date`, `card_for_booking`, `charge_rewards`) VALUES (143, '16', '0000-00-00', 0, 0);
INSERT INTO `credit_card` (`user_id`, `number_card`, `card_end_date`, `card_for_booking`, `charge_rewards`) VALUES (144, '244', '0000-00-00', 1, 1);
INSERT INTO `credit_card` (`user_id`, `number_card`, `card_end_date`, `card_for_booking`, `charge_rewards`) VALUES (145, '6328948', '0000-00-00', 0, 1);
INSERT INTO `credit_card` (`user_id`, `number_card`, `card_end_date`, `card_for_booking`, `charge_rewards`) VALUES (146, '57365', '0000-00-00', 0, 1);
INSERT INTO `credit_card` (`user_id`, `number_card`, `card_end_date`, `card_for_booking`, `charge_rewards`) VALUES (147, '608107', '0000-00-00', 0, 0);
INSERT INTO `credit_card` (`user_id`, `number_card`, `card_end_date`, `card_for_booking`, `charge_rewards`) VALUES (148, '5989137', '0000-00-00', 1, 0);
INSERT INTO `credit_card` (`user_id`, `number_card`, `card_end_date`, `card_for_booking`, `charge_rewards`) VALUES (149, '87983119', '0000-00-00', 0, 1);
INSERT INTO `credit_card` (`user_id`, `number_card`, `card_end_date`, `card_for_booking`, `charge_rewards`) VALUES (150, '367735', '0000-00-00', 1, 1);


#
# TABLE STRUCTURE FOR: currency
#

DROP TABLE IF EXISTS `currency`;

CREATE TABLE `currency` (
  `id` int(10) unsigned NOT NULL AUTO_INCREMENT,
  `name` varchar(150) COLLATE utf8_unicode_ci NOT NULL,
  PRIMARY KEY (`id`),
  UNIQUE KEY `name` (`name`)
) ENGINE=InnoDB AUTO_INCREMENT=26 DEFAULT CHARSET=utf8 COLLATE=utf8_unicode_ci;

INSERT INTO `currency` (`id`, `name`) VALUES (1, 'RUB');
INSERT INTO `currency` (`id`, `name`) VALUES (2, 'USD');
INSERT INTO `currency` (`id`, `name`) VALUES (3, 'EUR');
INSERT INTO `currency` (`id`, `name`) VALUES (4, 'UAH');
INSERT INTO `currency` (`id`, `name`) VALUES (5, 'KZT');
INSERT INTO `currency` (`id`, `name`) VALUES (6, 'GBP');
INSERT INTO `currency` (`id`, `name`) VALUES (7, 'AUD');
INSERT INTO `currency` (`id`, `name`) VALUES (8, 'TL');
INSERT INTO `currency` (`id`, `name`) VALUES (9, 'CAD');
INSERT INTO `currency` (`id`, `name`) VALUES (10, 'BGN');
INSERT INTO `currency` (`id`, `name`) VALUES (11, 'CNY');
INSERT INTO `currency` (`id`, `name`) VALUES (12, 'NOK');
INSERT INTO `currency` (`id`, `name`) VALUES (13, 'SAR');
INSERT INTO `currency` (`id`, `name`) VALUES (14, 'SEK');
INSERT INTO `currency` (`id`, `name`) VALUES (15, 'AZN');


#
# TABLE STRUCTURE FOR: hotel
#

DROP TABLE IF EXISTS `hotel`;

CREATE TABLE `hotel` (
  `id` int(10) unsigned NOT NULL AUTO_INCREMENT,
  `name` varchar(150) COLLATE utf8_unicode_ci NOT NULL,
  `adress` varchar(150) COLLATE utf8_unicode_ci NOT NULL,
  `description` varchar(150) COLLATE utf8_unicode_ci NOT NULL,
  `numbers_id` int(10) unsigned NOT NULL,
  `services_type_id` int(10) unsigned NOT NULL,
  `rating` float unsigned NOT NULL,
  PRIMARY KEY (`id`),
  UNIQUE KEY `name` (`name`)
) ENGINE=InnoDB AUTO_INCREMENT=41 DEFAULT CHARSET=utf8 COLLATE=utf8_unicode_ci;

INSERT INTO `hotel` (`id`, `name`, `adress`, `description`, `numbers_id`, `services_type_id`, `rating`) VALUES (1, 'Отель Тис', 'Улица Чкалова 62', 'К услугам гостей этого отеля в стиле виллы, расположенного в городе Краснодар на реке Кубань, бесплатный Wi-Fi, номера с кондиционером и круглосуточная стойка регистрации', 1, 1, '688369000');
INSERT INTO `hotel` (`id`, `name`, `adress`, `description`, `numbers_id`, `services_type_id`, `rating`) VALUES (2, 'D Hotel', 'улица Максима Горького , дом 213', 'Трехзвездочный отель D расположен в Краснодаре, в 2,7 км от памятника «Шурик» и района Лидочка и в 7 км от стадиона футбольного клуба «Краснодар». В этом 3-звездочном отеле предоставляются услуги консьержа и камеры хранения багажа', 2, 2, '0');
INSERT INTO `hotel` (`id`, `name`, `adress`, `description`, `numbers_id`, `services_type_id`, `rating`) VALUES (3, 'Телеграф', 'ул. Рашпилевская 106 к1', 'Хостел «Телеграф» расположен в Краснодаре, менее чем в 1 км от памятника «Шурик» и Лидочка. К услугам гостей номера с кондиционером и общий лаундж.', 3, 3, '3.9777');
INSERT INTO `hotel` (`id`, `name`, `adress`, `description`, `numbers_id`, `services_type_id`, `rating`) VALUES (4, 'Апартаменты на Красной 176', 'Красная 176 литер 1/3', 'Во всех апартаментах есть кондиционер, собственная ванная комната и кухня с микроволновой печью, холодильником, духовкой и плитой.Каждое утро в апартаментах сервируется полный английский/ирландский завтрак.', 4, 4, '4132620');
INSERT INTO `hotel` (`id`, `name`, `adress`, `description`, `numbers_id`, `services_type_id`, `rating`) VALUES (5, 'Marton PALACE Krasnodar', '70 Ulitsa Mira', 'Отель Marton Palace Краснодар расположен в Краснодаре, в 3,6 км от памятника «Шурик» и района Лидчка. К услугам гостей бар, бесплатная частная парковка и общий лаундж.', 5, 5, '14');
INSERT INTO `hotel` (`id`, `name`, `adress`, `description`, `numbers_id`, `services_type_id`, `rating`) VALUES (6, 'Marton San Remo Krasnodar', 'Tikhoretskaya Ulitsa 43', 'Отель «Сан Ремо» находится в 9 км от международного аэропорта Краснодара. На территории есть крытый бассейн и ресторан.', 6, 6, '49801000');
INSERT INTO `hotel` (`id`, `name`, `adress`, `description`, `numbers_id`, `services_type_id`, `rating`) VALUES (7, 'B&B Hotel Centre', 'Улица Базовская 113', 'Отель типа «постель и завтрак» «Центр» расположен в Краснодаре, в 8 км от выставочного центра «КраснодарЭКСПО». К услугам гостей номера с кондиционером и бесплатная частная парковка на территории', 7, 7, '0');
INSERT INTO `hotel` (`id`, `name`, `adress`, `description`, `numbers_id`, `services_type_id`, `rating`) VALUES (8, 'Отель Суворов', 'Улица Суворова, 107', 'Трехзвездочный отель «Суворов» расположен в Краснодаре. В распоряжении гостей столовая, круглосуточная стойка регистрации, камера хранения багажа и бесплатный Wi-Fi на всей территории', 8, 8, '435980000');
INSERT INTO `hotel` (`id`, `name`, `adress`, `description`, `numbers_id`, `services_type_id`, `rating`) VALUES (9, 'Атлас Отель', 'Проезд Ломоносова 8', 'Отель «Атлас» с кафетерием и бесплатным Wi-Fi на всей территории расположен в Краснодаре в 2,7 км от стадиона ФК «Краснодар» и в 4 км от парка «Краснодар». ', 9, 9, '51561000');
INSERT INTO `hotel` (`id`, `name`, `adress`, `description`, `numbers_id`, `services_type_id`, `rating`) VALUES (10, 'Гостевой дом Семья', 'Ulitsa Dlinnaya 12', 'Гостевой дом «Семейный» расположен в Краснодаре, в 2,2 км от памятника «Шурик» и района Лидочка и в 8 км от стадиона футбольного клуба «Краснодар». К услугам гостей принадлежности для барбекю и бесплатная частная парковка', 10, 10, '8712300');
INSERT INTO `hotel` (`id`, `name`, `adress`, `description`, `numbers_id`, `services_type_id`, `rating`) VALUES (11, 'Апартаменты в самом Центре Краснодара у ТРЦ "Галлерея"', 'Октябрьская улица, дом 181/2', 'Апартаменты «В самом центре Краснодара у ТРЦ "Галерея"» с балконом и видом на город расположены примерно в 7 км от стадиона ФК «Краснодар». ', 11, 1, '0');
INSERT INTO `hotel` (`id`, `name`, `adress`, `description`, `numbers_id`, `services_type_id`, `rating`) VALUES (12, 'Отель Западный', 'улица Рашпилевская 301', 'Отель «Западный», открытый в 2013 году, расположен в центре Краснодара, в 10 минутах ходьбы от главной улицы Красной.', 12, 2, '19.7');
INSERT INTO `hotel` (`id`, `name`, `adress`, `description`, `numbers_id`, `services_type_id`, `rating`) VALUES (13, 'Отель Vista', 'Памирская 11', 'Отель Vista расположен в Краснодаре, в 5 км от стадиона футбольного клуба «Краснодар». К услугам гостей номера с кондиционером и общий лаундж', 13, 3, '7607970');
INSERT INTO `hotel` (`id`, `name`, `adress`, `description`, `numbers_id`, `services_type_id`, `rating`) VALUES (14, 'Hostel on Kostyleva', 'Ulitsa Kostyleva 72', 'Хостел «На Костылева» расположен в Краснодаре, в 2,4 км от памятника Шри-Шурик и Лидочка и в 6 км от стадиона футбольного клуба «Краснодар». ', 14, 4, '19689.2');
INSERT INTO `hotel` (`id`, `name`, `adress`, `description`, `numbers_id`, `services_type_id`, `rating`) VALUES (15, 'Villa Marton Krasnodar', 'Tikhoretskaya Street 45', 'Отель Villa Marton находится в Краснодаре. К услугам гостей сауна, массаж и бильярд. Предоставляется бесплатный WiFi и бесплатная парковка.', 15, 5, '1');
INSERT INTO `hotel` (`id`, `name`, `adress`, `description`, `numbers_id`, `services_type_id`, `rating`) VALUES (16, 'Crystal Palace', 'Krasnykh Partizan 228', 'Этот отель расположен в 200 м от центра Краснодара. Отель Crystal Palace располагает бесплатным Wi-Fi и бесплатной парковкой. Все номера красочно оформлены в индустриальном стиле', 16, 6, '192457000');
INSERT INTO `hotel` (`id`, `name`, `adress`, `description`, `numbers_id`, `services_type_id`, `rating`) VALUES (17, 'Гостевой дом АнгелА', 'Улица Братьев Игнатовых 167', 'Гостевой дом Angela расположен в Краснодаре, в 10 км от спортивно-концертного комплекса «Баскет Холл Арена» и в 1,8 км от ботанического сада Профессор Или. Косенко', 17, 7, '598.94');
INSERT INTO `hotel` (`id`, `name`, `adress`, `description`, `numbers_id`, `services_type_id`, `rating`) VALUES (18, 'Героя Сарабеева 5/4', 'улица Героя Сарабеева', 'Апартаменты «Героя Сарабеева 5/4» с кондиционером и балконом расположены в Краснодаре, в 2,9 км от футбольного стадиона «Краснодар» и в 7 км от памятника Шурику и Лидочке', 18, 8, '88.9431');
INSERT INTO `hotel` (`id`, `name`, `adress`, `description`, `numbers_id`, `services_type_id`, `rating`) VALUES (19, 'Отель Хемингуэй ', 'Улица Энергетиков 5', 'Отель «Хемингуэй» с кафе и бесплатным Wi-Fi на всей территории расположен в Краснодаре, в 8 км от выставочного центра «КраснодарЭКСПО».', 19, 9, '757.01');
INSERT INTO `hotel` (`id`, `name`, `adress`, `description`, `numbers_id`, `services_type_id`, `rating`) VALUES (20, 'Bla Bla Rooms', 'ulitsa Rashpilevskaya 106', 'Хостел Bla Bla Rooms расположен в Краснодаре, в 1,2 км от памятника «Шурик» и района Лидочка. К услугам гостей номера с общим лаунджем и частная парковка', 20, 10, '283054000');
INSERT INTO `hotel` (`id`, `name`, `adress`, `description`, `numbers_id`, `services_type_id`, `rating`) VALUES (21, 'Отель Аурелиу', 'Улица Пашковская 124', 'Гостиница "Аурелиу" расположена в самом центре города Краснодара, всего в 300 метрах от трамвайной остановки с 5 трамвайными маршрутами', 1, 1, '8819.66');
INSERT INTO `hotel` (`id`, `name`, `adress`, `description`, `numbers_id`, `services_type_id`, `rating`) VALUES (22, 'Проф Отель', 'Улица Северная 129', 'Отель «Проф» расположен в центре города Краснодар, в 1 км от Ботанического сада имени Косенко. Стойка регистрации открыта круглосуточно', 2, 2, '1210500');
INSERT INTO `hotel` (`id`, `name`, `adress`, `description`, `numbers_id`, `services_type_id`, `rating`) VALUES (23, 'Krasnodar Marriott Hotel', 'ул. Красная, 120', 'Отель Krasnodar Marriott с баром расположен в Краснодаре в Краснодарском крае, в 1,1 км от памятника Шурику и Лидочке и в 7 км от стадиона ФК «Краснодар»', 3, 3, '47114200');
INSERT INTO `hotel` (`id`, `name`, `adress`, `description`, `numbers_id`, `services_type_id`, `rating`) VALUES (24, 'Евро двушка Восточно-Кругликовская 30/2', 'улица Восточно-Кругликовская 30/2 кв 241 ', 'Апартаменты «Евро двушка Восточно-Кругликовская 30/2» расположены в Краснодаре, в 1,2 км от стадиона ФК «Краснодар», в 6 км от памятника Шурику и Лидочке и в 11 км от торгового центра «Красная площадь»', 4, 4, '17180');
INSERT INTO `hotel` (`id`, `name`, `adress`, `description`, `numbers_id`, `services_type_id`, `rating`) VALUES (25, 'Арт Отель', 'ул Леваневского 156/1', 'Этот отель расположен в деловом и культурном районе Кубан, в 5 минутах ходьбы от главной улицы Красной.', 5, 5, '2523250');
INSERT INTO `hotel` (`id`, `name`, `adress`, `description`, `numbers_id`, `services_type_id`, `rating`) VALUES (26, 'Park of Krasnodar apartments on Panorama', 'ул. им. Героя Сарабеева, д. 5, корп. 1', 'Апартаменты «Парк Краснодар на Панорама» расположены в 4 км от стадиона «ФК «Краснодар». К услугам гостей фитнес-центр, бар и апартаменты с кондиционером', 6, 6, '0');
INSERT INTO `hotel` (`id`, `name`, `adress`, `description`, `numbers_id`, `services_type_id`, `rating`) VALUES (27, 'Гостиница Tip Top', 'Улица Ковтюха 208, Краснодар', 'Отель «Тип Топ» находится в Краснодаре, в 10 минутах ходьбы от Кубанского государственного университета и остановки общественного транспорта «КубГУ»', 7, 7, '57864000');
INSERT INTO `hotel` (`id`, `name`, `adress`, `description`, `numbers_id`, `services_type_id`, `rating`) VALUES (28, 'Apartment on Moskovskaya 118/2', 'Московская 118/2,', 'Апартаменты «На Московской 118/2» расположены в Краснодаре, в 6 км от памятника «Шурик» и города Лидочка и в 7 км от стадиона «Баскет Холл Арена». ', 8, 8, '13.8485');
INSERT INTO `hotel` (`id`, `name`, `adress`, `description`, `numbers_id`, `services_type_id`, `rating`) VALUES (29, 'Golden Tulip Krasnodar', 'улица Суворова 91', 'Отель Golden Tulip Krasnodar расположен в центре Краснодара. К услугам гостей фитнес-центр, бар, общий лаундж, круглосуточная стойка регистрации и бесплатный Wi-Fi', 9, 9, '139');
INSERT INTO `hotel` (`id`, `name`, `adress`, `description`, `numbers_id`, `services_type_id`, `rating`) VALUES (30, 'Marton Amigo Krasnodar', 'Ulitsa Rossiyskaya 61/1', 'Отель «Амиго» находится в центре Краснодара, рядом с Первомайским парком. К услугам гостей гидромассажная ванна, сауна, бар, бесплатная частная парковка на территории', 10, 10, '290188');
INSERT INTO `hotel` (`id`, `name`, `adress`, `description`, `numbers_id`, `services_type_id`, `rating`) VALUES (31, 'Апартаменты на улице Красная 176', '176 улица Красная', 'Апартаменты «На улице Красная 176» с кондиционером, балконом и рестораном на территории расположены в 700 метрах от памятника Шурику и Лидочке', 11, 1, '11.7808');
INSERT INTO `hotel` (`id`, `name`, `adress`, `description`, `numbers_id`, `services_type_id`, `rating`) VALUES (32, 'Апартаменты Галерея рядом с Marriott', 'Oktyabrskaya ulitsa 181', 'Апартаменты Central расположены менее чем в 1 км от памятника «Шурик» и района Лидочка. К услугам гостей отеля Marriott ресторан, а также номера с кондиционером, балконом и бесплатным Wi-Fi', 12, 2, '760314000');
INSERT INTO `hotel` (`id`, `name`, `adress`, `description`, `numbers_id`, `services_type_id`, `rating`) VALUES (33, 'Art Villa & SPA', 'Ulitsa Lavrova 73', 'Отель «Арт Вилла» расположен напротив торгового центра OZ, в 5 минутах езды от международного аэропорта Краснодара. К услугам гостей бесплатная частная парковка', 13, 3, '46258.8');
INSERT INTO `hotel` (`id`, `name`, `adress`, `description`, `numbers_id`, `services_type_id`, `rating`) VALUES (34, 'Апартаменты на ул. Красная В ЖК "Большой"', 'ул. Красная, д. 176', 'Апартаменты «На ул. Красная В ЖК “Большой”» с видом на город, рестораном и круглосуточной стойкой регистрации расположены в Краснодаре. В числе удобств бесплатный Wi-Fi', 14, 4, '0');
INSERT INTO `hotel` (`id`, `name`, `adress`, `description`, `numbers_id`, `services_type_id`, `rating`) VALUES (35, 'Отель Круиз', 'улица Фадеева 328', 'Этот отель расположен всего в 3 минутах езды от международного аэропорта Пашковский в Краснодаре', 15, 5, '26597.9');
INSERT INTO `hotel` (`id`, `name`, `adress`, `description`, `numbers_id`, `services_type_id`, `rating`) VALUES (36, 'Hilton Garden Inn Krasnodar', 'Красная Улица 25/2', 'Отель Hilton Garden Inn Krasnodar находится в самом центре Краснодара, на Красной улице. К услугам гостей бесплатный Wi-Fi, фитнес-центр и круглосуточная стойка регистрации', 16, 6, '28.1487');
INSERT INTO `hotel` (`id`, `name`, `adress`, `description`, `numbers_id`, `services_type_id`, `rating`) VALUES (37, 'Апартаменты London', 'Ulitsa Rossiyskaya 369 A', 'Гостевой дом «Лондон» расположен в Краснодаре, в 5 км от стадиона «Баскет-Холл-Арена». К услугам гостей бар, бесплатная частная парковка, сад и терраса', 17, 7, '62.93');
INSERT INTO `hotel` (`id`, `name`, `adress`, `description`, `numbers_id`, `services_type_id`, `rating`) VALUES (38, 'Mari Inn', '15 Ulitsa Dimitrova', 'Отель Mari Inn расположен в Краснодаре, в 8 км от стадиона «ФК Краснодар» и памятника «Шурик» и «Лидочка». К услугам гостей ресторан, круглосуточная стойка регистрации и бесплатный Wi-Fi', 18, 8, '72277');
INSERT INTO `hotel` (`id`, `name`, `adress`, `description`, `numbers_id`, `services_type_id`, `rating`) VALUES (39, 'Apartments on Krasnaya 176', '176 Krasnaya ulitsa, kv.615', 'Апартаменты «На Красной, 176» расположены в Краснодаре, в 800 м от памятника «Шурик» и района Лидочка и в 7 км от торгового центра Red Square.', 19, 9, '141388000');
INSERT INTO `hotel` (`id`, `name`, `adress`, `description`, `numbers_id`, `services_type_id`, `rating`) VALUES (40, 'Апартаменты Лофт Постовая', 'Ulitsa Mitrofana Sedina 2', 'Апарт-отель «Апартаменты Лофт Постовая» с видом на сад расположен в Краснодаре, в 4,1 км от памятника Шурику и Лидочке и в 9 км от стадиона ФК «Краснодар»', 20, 10, '2935.15');


#
# TABLE STRUCTURE FOR: languages
#

DROP TABLE IF EXISTS `languages`;

CREATE TABLE `languages` (
  `id` int(10) unsigned NOT NULL AUTO_INCREMENT,
  `name` varchar(150) COLLATE utf8_unicode_ci NOT NULL,
  PRIMARY KEY (`id`),
  UNIQUE KEY `name` (`name`)
) ENGINE=InnoDB AUTO_INCREMENT=81 DEFAULT CHARSET=utf8 COLLATE=utf8_unicode_ci;

INSERT INTO `languages` (`id`, `name`) VALUES (1, 'CN');
INSERT INTO `languages` (`id`, `name`) VALUES (2, 'DE');
INSERT INTO `languages` (`id`, `name`) VALUES (3, 'ES');
INSERT INTO `languages` (`id`, `name`) VALUES (4, 'FR');
INSERT INTO `languages` (`id`, `name`) VALUES (5, 'GB');
INSERT INTO `languages` (`id`, `name`) VALUES (6, 'IE');
INSERT INTO `languages` (`id`, `name`) VALUES (7, 'IN');
INSERT INTO `languages` (`id`, `name`) VALUES (8, 'IT');
INSERT INTO `languages` (`id`, `name`) VALUES (9, 'MX');
INSERT INTO `languages` (`id`, `name`) VALUES (10, 'PT');
INSERT INTO `languages` (`id`, `name`) VALUES (11, 'RU');
INSERT INTO `languages` (`id`, `name`) VALUES (12, 'US');


#
# TABLE STRUCTURE FOR: messages
#

DROP TABLE IF EXISTS `messages`;

CREATE TABLE `messages` (
  `id` int(10) unsigned NOT NULL AUTO_INCREMENT,
  `from_user_id` int(10) unsigned NOT NULL,
  `from_hotel_id` int(10) unsigned NOT NULL,
  `body` text COLLATE utf8_unicode_ci NOT NULL,
  `is_important` tinyint(1) DEFAULT NULL,
  `is_delivered` tinyint(1) DEFAULT NULL,
  `created_at` datetime DEFAULT current_timestamp(),
  PRIMARY KEY (`id`)
) ENGINE=InnoDB AUTO_INCREMENT=151 DEFAULT CHARSET=utf8 COLLATE=utf8_unicode_ci;

INSERT INTO `messages` (`id`, `from_user_id`, `from_hotel_id`, `body`, `is_important`, `is_delivered`, `created_at`) VALUES (1, 1, 38, 'Est dolorum harum repellendus non quis quidem saepe. Incidunt ut consequatur dolores quae.', 0, 1, '2002-02-13 22:15:09');
INSERT INTO `messages` (`id`, `from_user_id`, `from_hotel_id`, `body`, `is_important`, `is_delivered`, `created_at`) VALUES (2, 2, 37, 'Eius illo quo ipsa debitis dolores sapiente aut. Et quos qui animi minus quidem labore qui. Neque veniam eos est corporis quibusdam ut.', 0, 0, '2015-11-09 20:32:14');
INSERT INTO `messages` (`id`, `from_user_id`, `from_hotel_id`, `body`, `is_important`, `is_delivered`, `created_at`) VALUES (3, 3, 30, 'Velit eum placeat beatae explicabo. Labore velit dolores et velit accusantium deserunt ut. Voluptas iure qui eaque quidem nihil odio. Eligendi est sit et libero.', 1, 1, '1994-06-01 18:17:14');
INSERT INTO `messages` (`id`, `from_user_id`, `from_hotel_id`, `body`, `is_important`, `is_delivered`, `created_at`) VALUES (4, 4, 28, 'Beatae eaque beatae aut dolorem quos molestiae. Asperiores aut aut quia maxime asperiores.', 1, 0, '2001-05-08 02:25:30');
INSERT INTO `messages` (`id`, `from_user_id`, `from_hotel_id`, `body`, `is_important`, `is_delivered`, `created_at`) VALUES (5, 5, 10, 'Et qui aut est qui. Sed ut aut velit exercitationem quis. Unde est non expedita soluta.', 0, 1, '1980-08-09 20:13:09');
INSERT INTO `messages` (`id`, `from_user_id`, `from_hotel_id`, `body`, `is_important`, `is_delivered`, `created_at`) VALUES (6, 6, 24, 'Consequatur blanditiis pariatur dicta qui asperiores eum. Ea in et sit et voluptas. Cum ea dolorem consequatur qui. Quisquam magni eveniet quis facere.', 1, 0, '1976-11-11 12:01:12');
INSERT INTO `messages` (`id`, `from_user_id`, `from_hotel_id`, `body`, `is_important`, `is_delivered`, `created_at`) VALUES (7, 7, 36, 'Et earum aut optio et. Qui et tempora fugit.', 0, 1, '1973-11-17 05:20:10');
INSERT INTO `messages` (`id`, `from_user_id`, `from_hotel_id`, `body`, `is_important`, `is_delivered`, `created_at`) VALUES (8, 8, 18, 'Deleniti molestiae accusamus modi nisi quae. Et vel voluptatem ut deleniti rerum. Est rerum doloribus hic ipsum. Qui ullam aut magnam molestias laudantium rerum illum cumque.', 0, 1, '2018-04-26 06:44:49');
INSERT INTO `messages` (`id`, `from_user_id`, `from_hotel_id`, `body`, `is_important`, `is_delivered`, `created_at`) VALUES (9, 9, 33, 'Dolore occaecati nam dignissimos quo delectus. Nulla aut sed sint aperiam officiis necessitatibus. Exercitationem officiis velit inventore voluptas iure.', 0, 0, '1984-08-07 07:17:33');
INSERT INTO `messages` (`id`, `from_user_id`, `from_hotel_id`, `body`, `is_important`, `is_delivered`, `created_at`) VALUES (10, 10, 8, 'Ipsum praesentium incidunt autem reprehenderit ut perferendis sunt. Quae laudantium corporis blanditiis neque qui. Et aspernatur est nobis ea.', 1, 0, '2003-04-06 14:16:17');
INSERT INTO `messages` (`id`, `from_user_id`, `from_hotel_id`, `body`, `is_important`, `is_delivered`, `created_at`) VALUES (11, 11, 17, 'Nisi dicta quas dolorem dolor quaerat. Officia neque rerum laudantium.', 1, 1, '1972-07-27 17:02:09');
INSERT INTO `messages` (`id`, `from_user_id`, `from_hotel_id`, `body`, `is_important`, `is_delivered`, `created_at`) VALUES (12, 12, 37, 'Voluptatibus eum cum et omnis a aut. Necessitatibus voluptatem in explicabo quasi non. Non et fugiat quia explicabo ut odio accusamus. Voluptas culpa in omnis nihil. Id non illo quia suscipit.', 0, 1, '2005-08-07 19:27:37');
INSERT INTO `messages` (`id`, `from_user_id`, `from_hotel_id`, `body`, `is_important`, `is_delivered`, `created_at`) VALUES (13, 13, 33, 'Aspernatur nisi in explicabo est assumenda ea laudantium fugit. Laboriosam sapiente harum fugit natus. Voluptatibus recusandae error assumenda voluptatibus enim voluptatem.', 0, 1, '1981-07-24 06:47:06');
INSERT INTO `messages` (`id`, `from_user_id`, `from_hotel_id`, `body`, `is_important`, `is_delivered`, `created_at`) VALUES (14, 14, 37, 'Debitis et sit sint voluptate amet exercitationem. Enim ducimus quasi delectus nulla. Totam voluptatem dolorem et voluptatum libero hic.', 0, 1, '2019-01-09 18:23:38');
INSERT INTO `messages` (`id`, `from_user_id`, `from_hotel_id`, `body`, `is_important`, `is_delivered`, `created_at`) VALUES (15, 15, 23, 'Magnam rerum minus quibusdam esse. Iusto doloribus commodi accusantium aut dolorem quia. Ut explicabo temporibus soluta libero unde reiciendis.', 0, 1, '1986-03-10 03:19:50');
INSERT INTO `messages` (`id`, `from_user_id`, `from_hotel_id`, `body`, `is_important`, `is_delivered`, `created_at`) VALUES (16, 16, 18, 'Id porro eos sed sapiente corporis quos assumenda. Maxime debitis ullam est repellendus facere. Quia exercitationem minima aut.', 0, 1, '2008-01-06 17:54:16');
INSERT INTO `messages` (`id`, `from_user_id`, `from_hotel_id`, `body`, `is_important`, `is_delivered`, `created_at`) VALUES (17, 17, 6, 'Et facere itaque doloremque soluta nulla nemo. Temporibus laboriosam doloremque assumenda voluptas accusamus. Nihil asperiores accusantium debitis iste. Magni eos ut rerum.', 1, 0, '1980-05-14 20:37:37');
INSERT INTO `messages` (`id`, `from_user_id`, `from_hotel_id`, `body`, `is_important`, `is_delivered`, `created_at`) VALUES (18, 18, 34, 'Architecto aut et non numquam. Architecto omnis tenetur aut voluptas omnis ducimus non. Non non qui quam rerum tenetur.', 1, 1, '1973-09-12 19:14:08');
INSERT INTO `messages` (`id`, `from_user_id`, `from_hotel_id`, `body`, `is_important`, `is_delivered`, `created_at`) VALUES (19, 19, 27, 'Quis at ut quia dolorem non assumenda. Est aut inventore commodi voluptatem culpa. Veniam quod officia qui fugiat. Non ut aliquid quia odit consequuntur asperiores.', 1, 0, '1976-11-13 19:40:35');
INSERT INTO `messages` (`id`, `from_user_id`, `from_hotel_id`, `body`, `is_important`, `is_delivered`, `created_at`) VALUES (20, 20, 36, 'Nemo aut animi labore omnis et omnis. Rerum harum beatae et fugiat. Sint culpa hic perferendis esse aut amet.', 0, 0, '1987-10-06 13:35:58');
INSERT INTO `messages` (`id`, `from_user_id`, `from_hotel_id`, `body`, `is_important`, `is_delivered`, `created_at`) VALUES (21, 21, 17, 'Aut deserunt officiis dolores quaerat amet. Qui ducimus placeat velit corporis. Maxime animi itaque corporis omnis voluptatibus maiores quasi.', 1, 1, '2006-05-25 10:35:50');
INSERT INTO `messages` (`id`, `from_user_id`, `from_hotel_id`, `body`, `is_important`, `is_delivered`, `created_at`) VALUES (22, 22, 23, 'Ratione dolore praesentium ab voluptate. Temporibus non est voluptas harum quasi. Sunt ut et quisquam hic eos dolores.', 1, 1, '1971-05-02 03:34:58');
INSERT INTO `messages` (`id`, `from_user_id`, `from_hotel_id`, `body`, `is_important`, `is_delivered`, `created_at`) VALUES (23, 23, 18, 'Doloribus non veniam ipsa rerum eos. Enim odit occaecati consequuntur veniam. Enim placeat sed aut reiciendis est.', 0, 0, '2009-08-03 02:25:12');
INSERT INTO `messages` (`id`, `from_user_id`, `from_hotel_id`, `body`, `is_important`, `is_delivered`, `created_at`) VALUES (24, 24, 2, 'Nulla commodi ea aperiam dolorum explicabo aliquam. Laudantium eum sit aliquid ratione. Expedita nisi consequuntur odit iusto eligendi ut qui.', 0, 1, '1973-12-11 11:28:31');
INSERT INTO `messages` (`id`, `from_user_id`, `from_hotel_id`, `body`, `is_important`, `is_delivered`, `created_at`) VALUES (25, 25, 5, 'Sit commodi fugiat saepe velit aspernatur et totam dolorem. Perferendis temporibus et sequi quis. Voluptates et unde quasi enim quos ea ut. Quisquam est quam sint et et voluptatem illo.', 0, 1, '2006-04-04 10:03:54');
INSERT INTO `messages` (`id`, `from_user_id`, `from_hotel_id`, `body`, `is_important`, `is_delivered`, `created_at`) VALUES (26, 26, 9, 'Et modi velit beatae distinctio nihil omnis eos temporibus. Omnis quibusdam rerum id ut cupiditate incidunt. Sit libero occaecati consequatur ut nihil maiores ullam illum.', 1, 0, '1997-12-27 23:03:47');
INSERT INTO `messages` (`id`, `from_user_id`, `from_hotel_id`, `body`, `is_important`, `is_delivered`, `created_at`) VALUES (27, 27, 2, 'Harum adipisci reprehenderit rem animi. Nisi veritatis at quasi molestias et occaecati. Ea illum in aut deserunt velit aliquid. Repellat corporis enim dolorem repellendus nam porro eligendi.', 0, 0, '1994-05-29 05:42:47');
INSERT INTO `messages` (`id`, `from_user_id`, `from_hotel_id`, `body`, `is_important`, `is_delivered`, `created_at`) VALUES (28, 28, 21, 'Eum ducimus assumenda similique corporis ipsam aliquid illo. Dolor libero rerum quis quidem. Blanditiis itaque et reprehenderit quis eum et.', 1, 0, '1996-11-11 20:03:49');
INSERT INTO `messages` (`id`, `from_user_id`, `from_hotel_id`, `body`, `is_important`, `is_delivered`, `created_at`) VALUES (29, 29, 8, 'Illo accusantium sed dolor modi autem. Officia nam unde ipsa. Ad dicta qui tenetur error voluptatem ut. Labore nihil sapiente et deleniti perspiciatis consequatur.', 0, 1, '1995-11-11 05:40:18');
INSERT INTO `messages` (`id`, `from_user_id`, `from_hotel_id`, `body`, `is_important`, `is_delivered`, `created_at`) VALUES (30, 30, 34, 'Eum totam laboriosam dicta rerum voluptas. Sunt sed autem magni est voluptatem inventore et. Aliquam praesentium rem tempore debitis corrupti. Ducimus sed et id omnis dolore fugiat sit.', 0, 0, '2007-05-12 14:06:03');
INSERT INTO `messages` (`id`, `from_user_id`, `from_hotel_id`, `body`, `is_important`, `is_delivered`, `created_at`) VALUES (31, 31, 30, 'Tempora inventore harum quidem error impedit qui est. Et fuga consequatur aut error vel. Aliquam dolorem in quidem non. Quam aut ipsa est error et.', 0, 0, '1986-01-13 02:45:38');
INSERT INTO `messages` (`id`, `from_user_id`, `from_hotel_id`, `body`, `is_important`, `is_delivered`, `created_at`) VALUES (32, 32, 6, 'Ut odit ut facere minima. Illum quos nemo animi et aliquid quidem quidem. Deleniti nesciunt quis est quia asperiores.', 1, 0, '1975-03-25 15:51:37');
INSERT INTO `messages` (`id`, `from_user_id`, `from_hotel_id`, `body`, `is_important`, `is_delivered`, `created_at`) VALUES (33, 33, 30, 'Aut voluptas dignissimos aspernatur doloremque. Est accusantium aliquam eum non culpa eaque explicabo. Voluptatem saepe minus minima veritatis ipsam.', 0, 1, '1985-10-24 20:26:15');
INSERT INTO `messages` (`id`, `from_user_id`, `from_hotel_id`, `body`, `is_important`, `is_delivered`, `created_at`) VALUES (34, 34, 19, 'Et exercitationem ullam aut et omnis consequuntur. Est ea et et est qui neque. Error nisi recusandae iusto.', 1, 0, '1985-09-30 03:52:06');
INSERT INTO `messages` (`id`, `from_user_id`, `from_hotel_id`, `body`, `is_important`, `is_delivered`, `created_at`) VALUES (35, 35, 33, 'Consequatur ut voluptatem illo nemo in aut quo maxime. Corrupti dolor ut esse modi beatae est dolor. Laudantium eum recusandae sit tempora dolores ea.', 1, 1, '1971-05-09 07:48:47');
INSERT INTO `messages` (`id`, `from_user_id`, `from_hotel_id`, `body`, `is_important`, `is_delivered`, `created_at`) VALUES (36, 36, 40, 'Deserunt cumque iste et molestiae ad. Eius accusantium aut quam amet.', 0, 1, '2001-12-10 08:44:37');
INSERT INTO `messages` (`id`, `from_user_id`, `from_hotel_id`, `body`, `is_important`, `is_delivered`, `created_at`) VALUES (37, 37, 3, 'Sint voluptate quas est dolorem. Nesciunt doloremque dolores eos perspiciatis. Optio consequuntur eveniet aliquid.', 0, 1, '1985-07-08 15:44:09');
INSERT INTO `messages` (`id`, `from_user_id`, `from_hotel_id`, `body`, `is_important`, `is_delivered`, `created_at`) VALUES (38, 38, 29, 'Amet qui in dolor repudiandae fugiat exercitationem eum. Libero quia eligendi qui dolor. Molestiae qui in perferendis occaecati.', 0, 1, '2004-12-27 02:54:44');
INSERT INTO `messages` (`id`, `from_user_id`, `from_hotel_id`, `body`, `is_important`, `is_delivered`, `created_at`) VALUES (39, 39, 18, 'Dolorem neque dicta odit dolores. Explicabo cupiditate iure illo. Asperiores et distinctio asperiores consequatur. Aut eum saepe eum natus vel qui velit corrupti.', 0, 1, '2005-11-06 15:49:41');
INSERT INTO `messages` (`id`, `from_user_id`, `from_hotel_id`, `body`, `is_important`, `is_delivered`, `created_at`) VALUES (40, 40, 35, 'Autem aperiam quo non fuga et ipsam. Vero cum qui nulla autem praesentium. Enim eveniet qui officia expedita sed.', 1, 0, '2016-08-23 06:35:02');
INSERT INTO `messages` (`id`, `from_user_id`, `from_hotel_id`, `body`, `is_important`, `is_delivered`, `created_at`) VALUES (41, 41, 36, 'Praesentium omnis nihil non impedit. Eveniet veniam et unde enim magnam nihil sit rerum.', 1, 0, '1979-06-14 22:04:01');
INSERT INTO `messages` (`id`, `from_user_id`, `from_hotel_id`, `body`, `is_important`, `is_delivered`, `created_at`) VALUES (42, 42, 34, 'Officia dolores nobis accusantium ducimus laborum eligendi provident. Molestiae voluptatem sit vero beatae ut iure non. Quae sed blanditiis distinctio facere aut.', 0, 1, '1989-01-05 06:37:14');
INSERT INTO `messages` (`id`, `from_user_id`, `from_hotel_id`, `body`, `is_important`, `is_delivered`, `created_at`) VALUES (43, 43, 32, 'Quis reiciendis et labore magnam. Temporibus sit est est nihil. Sunt at in ratione iure omnis.', 1, 1, '2007-08-16 01:36:03');
INSERT INTO `messages` (`id`, `from_user_id`, `from_hotel_id`, `body`, `is_important`, `is_delivered`, `created_at`) VALUES (44, 44, 29, 'Neque voluptatum veniam laudantium animi nobis qui. Voluptatem perferendis eos facere iure. Quibusdam architecto eligendi repudiandae et. Illum et non sed dolor.', 1, 1, '1976-02-18 06:34:03');
INSERT INTO `messages` (`id`, `from_user_id`, `from_hotel_id`, `body`, `is_important`, `is_delivered`, `created_at`) VALUES (45, 45, 30, 'Quia et doloremque voluptatum qui deserunt maxime. Ad et recusandae odio id maiores. Iure ullam rerum quia voluptates deserunt nesciunt eius. Blanditiis reiciendis ut magnam culpa eum ullam.', 1, 0, '2004-02-15 17:45:46');
INSERT INTO `messages` (`id`, `from_user_id`, `from_hotel_id`, `body`, `is_important`, `is_delivered`, `created_at`) VALUES (46, 46, 15, 'Omnis minus amet voluptas pariatur minus illum vitae nobis. Et aut fugit consequatur nisi quae. Est quis pariatur eum dicta est est quaerat.', 0, 1, '1989-07-17 12:53:45');
INSERT INTO `messages` (`id`, `from_user_id`, `from_hotel_id`, `body`, `is_important`, `is_delivered`, `created_at`) VALUES (47, 47, 6, 'Et delectus quibusdam pariatur. Consequuntur molestiae aut aut perferendis. Consectetur iure provident quae dolorum. Vel consequatur doloribus quae dolores aliquam aut repellendus.', 1, 0, '1983-08-14 01:21:36');
INSERT INTO `messages` (`id`, `from_user_id`, `from_hotel_id`, `body`, `is_important`, `is_delivered`, `created_at`) VALUES (48, 48, 36, 'In dolores id veniam molestiae libero laboriosam. Rerum debitis ea eius odio ratione quasi maiores. In mollitia molestiae odio. Excepturi suscipit sunt debitis aliquam rerum repudiandae et animi.', 0, 1, '1991-11-16 03:43:42');
INSERT INTO `messages` (`id`, `from_user_id`, `from_hotel_id`, `body`, `is_important`, `is_delivered`, `created_at`) VALUES (49, 49, 9, 'Laborum nihil non id dolores. Saepe voluptas ea et facilis praesentium. Earum eos qui similique velit reiciendis. Aliquid culpa assumenda magnam voluptas libero consequatur.', 0, 1, '1995-07-21 14:46:24');
INSERT INTO `messages` (`id`, `from_user_id`, `from_hotel_id`, `body`, `is_important`, `is_delivered`, `created_at`) VALUES (50, 50, 33, 'Vel alias asperiores ipsum at ut. Officiis incidunt sunt consequatur repellat incidunt porro aliquid. Et deserunt voluptatibus iusto officiis velit corrupti asperiores.', 0, 1, '2001-07-23 18:30:54');
INSERT INTO `messages` (`id`, `from_user_id`, `from_hotel_id`, `body`, `is_important`, `is_delivered`, `created_at`) VALUES (51, 51, 32, 'Quas nulla sunt fuga. Quos animi officia quia. Doloremque sapiente repudiandae voluptas aut occaecati sint. Dolorum quibusdam voluptates iste beatae est qui.', 0, 1, '2017-04-26 15:56:08');
INSERT INTO `messages` (`id`, `from_user_id`, `from_hotel_id`, `body`, `is_important`, `is_delivered`, `created_at`) VALUES (52, 52, 25, 'Fugiat quidem aut at explicabo. Exercitationem tempore velit distinctio magni qui molestiae explicabo. Quia optio ipsam ipsa architecto alias.', 0, 0, '2011-06-25 14:42:03');
INSERT INTO `messages` (`id`, `from_user_id`, `from_hotel_id`, `body`, `is_important`, `is_delivered`, `created_at`) VALUES (53, 53, 15, 'Esse illum error qui. Dignissimos et aut expedita modi.\nMinus fuga voluptatem voluptates beatae sed. Quam qui distinctio maiores minima dolores nihil. Et ipsam accusamus deleniti ipsum aliquid.', 1, 0, '1971-01-18 20:59:51');
INSERT INTO `messages` (`id`, `from_user_id`, `from_hotel_id`, `body`, `is_important`, `is_delivered`, `created_at`) VALUES (54, 54, 9, 'Possimus cumque voluptatum est. Saepe aut placeat atque velit voluptas sit vero. Reprehenderit modi sed ut voluptas rerum officiis. Dolores iusto sequi impedit.', 1, 0, '1984-05-03 02:08:38');
INSERT INTO `messages` (`id`, `from_user_id`, `from_hotel_id`, `body`, `is_important`, `is_delivered`, `created_at`) VALUES (55, 55, 27, 'Repudiandae autem quo est adipisci et ut. Sequi omnis laboriosam officia rerum. Dolorem est fugiat beatae qui.', 0, 0, '1991-03-04 16:12:12');
INSERT INTO `messages` (`id`, `from_user_id`, `from_hotel_id`, `body`, `is_important`, `is_delivered`, `created_at`) VALUES (56, 56, 19, 'Quidem sunt ut fugit eos voluptas illum id. Cum consequatur nostrum rem vel earum ea. Odit perspiciatis perspiciatis rerum.', 0, 0, '1970-01-07 18:56:38');
INSERT INTO `messages` (`id`, `from_user_id`, `from_hotel_id`, `body`, `is_important`, `is_delivered`, `created_at`) VALUES (57, 57, 18, 'Beatae voluptatem repellat animi quam ab quasi. Consequatur eum libero explicabo consequatur temporibus laboriosam deleniti. Maxime tempore quod sed a.', 1, 1, '1998-08-19 19:11:15');
INSERT INTO `messages` (`id`, `from_user_id`, `from_hotel_id`, `body`, `is_important`, `is_delivered`, `created_at`) VALUES (58, 58, 28, 'Et hic fugiat aut quibusdam occaecati eaque. Est qui dolorem saepe magnam. Repudiandae ullam quod et doloribus sed aut nam. Et aliquam praesentium ullam doloremque.', 0, 0, '1983-03-17 10:49:01');
INSERT INTO `messages` (`id`, `from_user_id`, `from_hotel_id`, `body`, `is_important`, `is_delivered`, `created_at`) VALUES (59, 59, 40, 'Officia tenetur deserunt nesciunt eos doloremque omnis nam. Ullam eos dolorem ratione odio. Similique qui est et rerum praesentium eum.', 1, 0, '1970-01-02 12:16:03');
INSERT INTO `messages` (`id`, `from_user_id`, `from_hotel_id`, `body`, `is_important`, `is_delivered`, `created_at`) VALUES (60, 60, 25, 'Sunt quasi rerum sunt odit ex. Iusto aspernatur sit harum ad distinctio aliquid perspiciatis. Impedit qui voluptatem sequi ea cum eos delectus enim. Eveniet fuga porro sed illum.', 0, 0, '2006-10-22 09:52:57');
INSERT INTO `messages` (`id`, `from_user_id`, `from_hotel_id`, `body`, `is_important`, `is_delivered`, `created_at`) VALUES (61, 61, 21, 'Corporis ea aliquam reprehenderit qui aspernatur. Laborum explicabo possimus rem corrupti. Nemo voluptatum quos reprehenderit corporis.', 0, 1, '1973-12-23 12:36:19');
INSERT INTO `messages` (`id`, `from_user_id`, `from_hotel_id`, `body`, `is_important`, `is_delivered`, `created_at`) VALUES (62, 62, 29, 'Beatae magni ullam qui aut ut eius. Tempora accusantium eaque quibusdam voluptas labore consequatur aut.', 0, 0, '1992-09-27 00:32:34');
INSERT INTO `messages` (`id`, `from_user_id`, `from_hotel_id`, `body`, `is_important`, `is_delivered`, `created_at`) VALUES (63, 63, 30, 'Aut reprehenderit commodi est. Voluptatem deleniti perferendis perspiciatis excepturi sequi iusto fuga. Dolores ut aut rerum totam.', 1, 0, '1996-03-14 20:59:45');
INSERT INTO `messages` (`id`, `from_user_id`, `from_hotel_id`, `body`, `is_important`, `is_delivered`, `created_at`) VALUES (64, 64, 11, 'Modi blanditiis veniam architecto sit ipsam quaerat quisquam. Illum placeat id libero eum tempora. Quasi id debitis saepe in.', 0, 0, '1987-02-07 09:11:00');
INSERT INTO `messages` (`id`, `from_user_id`, `from_hotel_id`, `body`, `is_important`, `is_delivered`, `created_at`) VALUES (65, 65, 7, 'Saepe sed modi sapiente minus iusto unde. Eum est nemo vero est esse sit voluptatibus. Quod quasi est voluptatum.', 1, 0, '1976-11-25 11:03:11');
INSERT INTO `messages` (`id`, `from_user_id`, `from_hotel_id`, `body`, `is_important`, `is_delivered`, `created_at`) VALUES (66, 66, 23, 'Velit est quia nobis et earum. Molestiae mollitia quia et quasi aut impedit. Quas excepturi dicta qui et nam porro.', 1, 0, '2013-09-22 07:33:55');
INSERT INTO `messages` (`id`, `from_user_id`, `from_hotel_id`, `body`, `is_important`, `is_delivered`, `created_at`) VALUES (67, 67, 10, 'Quia ducimus qui sequi necessitatibus voluptas. Quos et laboriosam alias et dolorem. Molestiae enim dolor fugit alias minima hic.', 1, 0, '2008-01-02 08:13:06');
INSERT INTO `messages` (`id`, `from_user_id`, `from_hotel_id`, `body`, `is_important`, `is_delivered`, `created_at`) VALUES (68, 68, 10, 'Sed quia assumenda culpa est et cumque. Eos delectus illum architecto excepturi excepturi nihil nisi similique. Ipsa in est repudiandae et maiores.', 0, 0, '1996-12-05 00:28:28');
INSERT INTO `messages` (`id`, `from_user_id`, `from_hotel_id`, `body`, `is_important`, `is_delivered`, `created_at`) VALUES (69, 69, 12, 'Error corrupti soluta veritatis pariatur. Distinctio culpa facere dolorum assumenda mollitia. Ea quia at molestiae dolores corrupti soluta.', 1, 0, '2019-02-23 00:21:59');
INSERT INTO `messages` (`id`, `from_user_id`, `from_hotel_id`, `body`, `is_important`, `is_delivered`, `created_at`) VALUES (70, 70, 27, 'Nesciunt quia velit officia tempora quaerat harum voluptatem. Repudiandae recusandae est ducimus enim.', 1, 0, '2016-11-09 05:34:34');
INSERT INTO `messages` (`id`, `from_user_id`, `from_hotel_id`, `body`, `is_important`, `is_delivered`, `created_at`) VALUES (71, 71, 5, 'Aut blanditiis maxime commodi non omnis. Et possimus accusamus omnis est. Ex id fugiat tenetur sint asperiores facere. Repellat occaecati voluptates autem voluptatibus sit hic.', 1, 0, '1970-12-31 07:36:36');
INSERT INTO `messages` (`id`, `from_user_id`, `from_hotel_id`, `body`, `is_important`, `is_delivered`, `created_at`) VALUES (72, 72, 7, 'Dolor maxime quod fugit vitae repudiandae adipisci velit. Sapiente eum natus magnam et rem cum. Dolores explicabo aperiam et voluptas.', 1, 1, '2003-06-01 07:47:09');
INSERT INTO `messages` (`id`, `from_user_id`, `from_hotel_id`, `body`, `is_important`, `is_delivered`, `created_at`) VALUES (73, 73, 21, 'Iure velit fugit modi dolores ut officia molestiae. Voluptatem nam dolor nam suscipit molestiae. Consequatur sequi perferendis eum accusamus. Quaerat aut unde labore architecto.', 1, 1, '2001-05-19 14:02:44');
INSERT INTO `messages` (`id`, `from_user_id`, `from_hotel_id`, `body`, `is_important`, `is_delivered`, `created_at`) VALUES (74, 74, 36, 'Ipsa est excepturi nihil dolor. Pariatur hic repellat minima ipsa optio. Nobis vel officia sint atque.', 1, 1, '1997-09-01 21:06:31');
INSERT INTO `messages` (`id`, `from_user_id`, `from_hotel_id`, `body`, `is_important`, `is_delivered`, `created_at`) VALUES (75, 75, 35, 'Perferendis praesentium qui aut cum eum. Nesciunt ad odio eum. Earum porro maxime vel vel. Qui assumenda in id quia.', 1, 1, '2009-06-25 00:55:32');
INSERT INTO `messages` (`id`, `from_user_id`, `from_hotel_id`, `body`, `is_important`, `is_delivered`, `created_at`) VALUES (76, 76, 11, 'Sit illo excepturi quo eaque qui aut. Omnis sapiente quisquam expedita quasi. Officia quaerat libero earum quis. Molestias ab quo iure nostrum aut pariatur.', 1, 1, '1988-03-02 17:49:15');
INSERT INTO `messages` (`id`, `from_user_id`, `from_hotel_id`, `body`, `is_important`, `is_delivered`, `created_at`) VALUES (77, 77, 11, 'Nisi at doloremque necessitatibus officia. Provident quae ratione modi. Voluptas iusto harum officiis ab et rem et.', 0, 0, '1975-10-10 10:54:59');
INSERT INTO `messages` (`id`, `from_user_id`, `from_hotel_id`, `body`, `is_important`, `is_delivered`, `created_at`) VALUES (78, 78, 1, 'Esse rem vitae ut quos necessitatibus eaque ea. Cupiditate nulla exercitationem est quam earum. Dicta explicabo tempore id omnis dolore.', 1, 1, '1984-05-01 05:55:25');
INSERT INTO `messages` (`id`, `from_user_id`, `from_hotel_id`, `body`, `is_important`, `is_delivered`, `created_at`) VALUES (79, 79, 6, 'Facere corrupti qui beatae. Est nihil dolor deserunt quaerat molestiae consequatur nihil. Culpa quia consequatur sequi. Accusantium maxime dolor quisquam accusantium dolorum.', 0, 1, '2007-04-03 20:00:32');
INSERT INTO `messages` (`id`, `from_user_id`, `from_hotel_id`, `body`, `is_important`, `is_delivered`, `created_at`) VALUES (80, 80, 19, 'Sequi ut nobis impedit enim quia dolorem officia ut. Et excepturi deserunt nulla velit impedit id accusantium. Necessitatibus officia nihil animi vel. Ad distinctio sint ratione.', 0, 0, '1987-04-05 20:16:31');
INSERT INTO `messages` (`id`, `from_user_id`, `from_hotel_id`, `body`, `is_important`, `is_delivered`, `created_at`) VALUES (81, 81, 33, 'Enim qui tempora qui qui nihil odit ullam. Et eum et eos omnis eos. Fugiat sed pariatur nam dolor ducimus nobis voluptatem.', 0, 0, '1990-10-28 06:49:00');
INSERT INTO `messages` (`id`, `from_user_id`, `from_hotel_id`, `body`, `is_important`, `is_delivered`, `created_at`) VALUES (82, 82, 38, 'Pariatur dicta voluptatibus corporis corporis quidem magni aspernatur et. Quae minima ut dolorem deserunt quae reprehenderit accusamus. Facere consequatur amet occaecati autem ducimus aut quo.', 1, 1, '1979-06-13 06:30:45');
INSERT INTO `messages` (`id`, `from_user_id`, `from_hotel_id`, `body`, `is_important`, `is_delivered`, `created_at`) VALUES (83, 83, 3, 'Qui et rem ut in aperiam et architecto. Aut vel et veniam totam sed labore sequi non. Et sed nulla quae autem sit incidunt nam.', 1, 1, '1982-09-13 01:20:23');
INSERT INTO `messages` (`id`, `from_user_id`, `from_hotel_id`, `body`, `is_important`, `is_delivered`, `created_at`) VALUES (84, 84, 8, 'Quaerat dolorem laudantium soluta nihil. Rerum et culpa aut dolore necessitatibus.', 0, 0, '1995-02-17 01:38:10');
INSERT INTO `messages` (`id`, `from_user_id`, `from_hotel_id`, `body`, `is_important`, `is_delivered`, `created_at`) VALUES (85, 85, 6, 'Perferendis et fuga rerum rem ea aut. Nihil rerum sequi culpa numquam. Reiciendis laudantium sit quia sequi.', 0, 1, '1973-04-15 13:59:52');
INSERT INTO `messages` (`id`, `from_user_id`, `from_hotel_id`, `body`, `is_important`, `is_delivered`, `created_at`) VALUES (86, 86, 29, 'Aut sed ut eos eius. Magni aperiam hic debitis consectetur doloribus. Libero est veniam illo ea. Odio quo fugiat cumque occaecati quod.', 1, 1, '2002-11-12 04:47:31');
INSERT INTO `messages` (`id`, `from_user_id`, `from_hotel_id`, `body`, `is_important`, `is_delivered`, `created_at`) VALUES (87, 87, 27, 'Et sunt iste maiores voluptatem unde. Corrupti laudantium vel quibusdam omnis voluptatem. Et atque est fugit reiciendis et aut fugit.', 0, 0, '1976-06-17 21:24:10');
INSERT INTO `messages` (`id`, `from_user_id`, `from_hotel_id`, `body`, `is_important`, `is_delivered`, `created_at`) VALUES (88, 88, 24, 'Tempore quis ut sed mollitia ullam. Quas reiciendis suscipit fuga totam. Totam quam ex occaecati doloribus laborum harum tenetur. Minima aliquid pariatur aut animi blanditiis earum.', 0, 0, '1992-01-24 15:00:36');
INSERT INTO `messages` (`id`, `from_user_id`, `from_hotel_id`, `body`, `is_important`, `is_delivered`, `created_at`) VALUES (89, 89, 16, 'Quasi eligendi voluptas et sequi. Voluptatum rem quos quisquam voluptas velit dolores aut. Ut labore omnis ut eum tempora iste. Minus dolores dolores necessitatibus voluptates.', 0, 1, '1980-01-06 10:34:08');
INSERT INTO `messages` (`id`, `from_user_id`, `from_hotel_id`, `body`, `is_important`, `is_delivered`, `created_at`) VALUES (90, 90, 26, 'In quia atque eum voluptatibus qui eos. Enim debitis aut commodi aperiam velit dolores amet. Voluptatem omnis nisi deserunt quo.', 1, 0, '1996-01-14 09:54:38');
INSERT INTO `messages` (`id`, `from_user_id`, `from_hotel_id`, `body`, `is_important`, `is_delivered`, `created_at`) VALUES (91, 91, 8, 'Sit magni iusto reiciendis odit aliquid dolores vero. Adipisci itaque et ut quo voluptas impedit similique. Distinctio quia totam magnam odit temporibus ullam.', 1, 0, '1992-06-13 16:15:04');
INSERT INTO `messages` (`id`, `from_user_id`, `from_hotel_id`, `body`, `is_important`, `is_delivered`, `created_at`) VALUES (92, 92, 37, 'Ducimus autem doloremque non consequuntur. Vitae facilis modi eos. Modi doloribus et impedit voluptatem aut voluptas officiis cupiditate.', 1, 1, '1973-02-10 05:34:16');
INSERT INTO `messages` (`id`, `from_user_id`, `from_hotel_id`, `body`, `is_important`, `is_delivered`, `created_at`) VALUES (93, 93, 14, 'Qui alias et incidunt corporis repudiandae. Est dicta illum tempore doloremque quia dolor quia. Suscipit cupiditate at omnis architecto aliquid voluptatum.', 1, 1, '1974-08-21 03:36:46');
INSERT INTO `messages` (`id`, `from_user_id`, `from_hotel_id`, `body`, `is_important`, `is_delivered`, `created_at`) VALUES (94, 94, 38, 'Autem eos sint perferendis vel nisi quia. Est excepturi velit aut praesentium amet. Id ipsam iste laborum. Ducimus ea nam totam molestiae voluptas magni et corrupti.', 1, 0, '1982-08-26 04:26:47');
INSERT INTO `messages` (`id`, `from_user_id`, `from_hotel_id`, `body`, `is_important`, `is_delivered`, `created_at`) VALUES (95, 95, 8, 'Asperiores corrupti autem libero facere ea ut. Nulla adipisci unde dolore. Exercitationem non molestiae consequatur autem. Nam amet fugit ducimus soluta corporis.', 1, 0, '2001-12-13 15:14:48');
INSERT INTO `messages` (`id`, `from_user_id`, `from_hotel_id`, `body`, `is_important`, `is_delivered`, `created_at`) VALUES (96, 96, 21, 'Illo et hic quod fuga veritatis est necessitatibus a. Nisi laboriosam soluta minus rem quas et. Quis praesentium nobis iste in in placeat. Sit praesentium asperiores ab voluptatibus qui debitis illo.', 1, 0, '2010-06-12 04:40:48');
INSERT INTO `messages` (`id`, `from_user_id`, `from_hotel_id`, `body`, `is_important`, `is_delivered`, `created_at`) VALUES (97, 97, 21, 'Qui et labore facilis error. Omnis maiores provident magnam sunt. Similique qui quod veritatis suscipit rerum amet.', 1, 1, '1984-06-04 19:06:30');
INSERT INTO `messages` (`id`, `from_user_id`, `from_hotel_id`, `body`, `is_important`, `is_delivered`, `created_at`) VALUES (98, 98, 18, 'Quia est ipsum et. Provident amet quia quasi sit rerum est molestiae. Iste sapiente aut aut quos mollitia quis necessitatibus.', 0, 1, '2004-07-15 01:04:19');
INSERT INTO `messages` (`id`, `from_user_id`, `from_hotel_id`, `body`, `is_important`, `is_delivered`, `created_at`) VALUES (99, 99, 30, 'Non ipsa praesentium quis esse. Quae autem maxime aperiam mollitia laborum. Ullam non occaecati velit dolor voluptate neque animi. Quisquam nulla et illum repudiandae delectus ducimus.', 0, 1, '2007-10-29 18:25:56');
INSERT INTO `messages` (`id`, `from_user_id`, `from_hotel_id`, `body`, `is_important`, `is_delivered`, `created_at`) VALUES (100, 100, 32, 'Voluptas velit nesciunt sit vel eum labore ut. Maxime quia et nam sed quia voluptatem. Vero eum molestias labore atque accusantium doloremque facilis nihil.', 1, 1, '2000-02-08 01:25:09');
INSERT INTO `messages` (`id`, `from_user_id`, `from_hotel_id`, `body`, `is_important`, `is_delivered`, `created_at`) VALUES (101, 101, 4, 'Quibusdam sed quia est quibusdam. Et quia totam fugit sit ducimus pariatur commodi ullam.', 0, 0, '2007-09-29 01:16:09');
INSERT INTO `messages` (`id`, `from_user_id`, `from_hotel_id`, `body`, `is_important`, `is_delivered`, `created_at`) VALUES (102, 102, 34, 'Sit similique dolores expedita blanditiis quis eos. Officia et similique hic omnis vero et vitae. Adipisci quo pariatur repudiandae facilis maxime. Omnis placeat sunt et quis ut voluptatibus.', 0, 0, '1991-06-07 04:51:50');
INSERT INTO `messages` (`id`, `from_user_id`, `from_hotel_id`, `body`, `is_important`, `is_delivered`, `created_at`) VALUES (103, 103, 39, 'Voluptas libero nobis minus molestiae et qui quisquam. Eveniet esse labore incidunt aliquid. Expedita sed optio aspernatur modi et. Porro aut alias sequi necessitatibus quia nesciunt ad sed.', 1, 0, '1994-11-06 22:23:57');
INSERT INTO `messages` (`id`, `from_user_id`, `from_hotel_id`, `body`, `is_important`, `is_delivered`, `created_at`) VALUES (104, 104, 25, 'Ipsa quis aspernatur natus impedit ut veniam ullam. Et ratione quo sunt illum at et fuga. Voluptas ut ut molestias et accusamus. Ex nostrum animi voluptate reiciendis.', 0, 0, '1986-11-29 14:11:30');
INSERT INTO `messages` (`id`, `from_user_id`, `from_hotel_id`, `body`, `is_important`, `is_delivered`, `created_at`) VALUES (105, 105, 30, 'Id dolore quo mollitia. Ut consectetur cumque sapiente eum perspiciatis eius qui. Et ad non omnis cupiditate. Eligendi error ullam rerum voluptatem.', 0, 0, '1990-02-27 13:17:39');
INSERT INTO `messages` (`id`, `from_user_id`, `from_hotel_id`, `body`, `is_important`, `is_delivered`, `created_at`) VALUES (106, 106, 34, 'Doloremque ea ut error reiciendis numquam magnam. Porro ut est iste consequatur recusandae sunt natus. Qui quos quia voluptatem aut et. Est ut sint et provident. At ut dolorum aut et in.', 0, 0, '2019-01-18 07:19:25');
INSERT INTO `messages` (`id`, `from_user_id`, `from_hotel_id`, `body`, `is_important`, `is_delivered`, `created_at`) VALUES (107, 107, 35, 'Et quas exercitationem pariatur. Et velit assumenda repellendus recusandae quaerat. Vero ex saepe aut alias sapiente quidem.', 0, 1, '1998-06-08 04:43:10');
INSERT INTO `messages` (`id`, `from_user_id`, `from_hotel_id`, `body`, `is_important`, `is_delivered`, `created_at`) VALUES (108, 108, 40, 'At autem magnam iste. Qui blanditiis praesentium exercitationem dolorum et sed unde. Quam consequatur in voluptatem in facilis. Nesciunt odio quia nemo quam.', 0, 0, '1978-02-21 15:20:20');
INSERT INTO `messages` (`id`, `from_user_id`, `from_hotel_id`, `body`, `is_important`, `is_delivered`, `created_at`) VALUES (109, 109, 34, 'Ea sapiente fugit harum quidem eos debitis. Fuga sit eveniet et maiores. Iste adipisci est animi recusandae quos quasi.', 0, 1, '1997-05-28 12:25:27');
INSERT INTO `messages` (`id`, `from_user_id`, `from_hotel_id`, `body`, `is_important`, `is_delivered`, `created_at`) VALUES (110, 110, 1, 'Optio aperiam perspiciatis et maiores nam voluptatum. Nostrum quidem aut ipsam at voluptas.', 1, 0, '1982-10-05 00:55:41');
INSERT INTO `messages` (`id`, `from_user_id`, `from_hotel_id`, `body`, `is_important`, `is_delivered`, `created_at`) VALUES (111, 111, 18, 'Nesciunt modi et magni ex ea est ex. Quia ut et vel sed officiis vel odit. Quia accusantium odit illum repellendus aut reiciendis.', 1, 1, '2018-08-15 02:26:06');
INSERT INTO `messages` (`id`, `from_user_id`, `from_hotel_id`, `body`, `is_important`, `is_delivered`, `created_at`) VALUES (112, 112, 27, 'Eaque aliquid ut quo beatae perspiciatis. Molestiae iste vitae consequatur nam sint et deleniti sint. Est adipisci est hic mollitia. Expedita in praesentium ipsa odit cumque maxime.', 1, 0, '2003-09-17 23:54:10');
INSERT INTO `messages` (`id`, `from_user_id`, `from_hotel_id`, `body`, `is_important`, `is_delivered`, `created_at`) VALUES (113, 113, 38, 'Dolorem id doloribus ducimus temporibus. Dolores non non sint. Dicta corporis et assumenda neque. Porro eligendi quisquam ratione iste exercitationem commodi eum.', 1, 0, '2010-06-18 04:06:44');
INSERT INTO `messages` (`id`, `from_user_id`, `from_hotel_id`, `body`, `is_important`, `is_delivered`, `created_at`) VALUES (114, 114, 21, 'Consequatur sint quia architecto iste. Quisquam ad officia et enim possimus. Maiores error et dolorum voluptate deleniti aut. Commodi doloremque molestiae accusamus id quia et.', 0, 0, '1982-12-10 18:25:48');
INSERT INTO `messages` (`id`, `from_user_id`, `from_hotel_id`, `body`, `is_important`, `is_delivered`, `created_at`) VALUES (115, 115, 34, 'Facilis qui aspernatur minus molestias. Enim illo ipsa autem voluptate assumenda quidem. Velit sint rerum quod accusamus rerum animi. Cumque quae ea iste.', 1, 0, '1993-07-04 11:30:07');
INSERT INTO `messages` (`id`, `from_user_id`, `from_hotel_id`, `body`, `is_important`, `is_delivered`, `created_at`) VALUES (116, 116, 4, 'Sunt tempora ullam ut eos. Harum distinctio ut quia ut molestias. Fuga odit est iste repellendus eum.', 0, 1, '1995-04-19 08:49:46');
INSERT INTO `messages` (`id`, `from_user_id`, `from_hotel_id`, `body`, `is_important`, `is_delivered`, `created_at`) VALUES (117, 117, 9, 'Quas ratione voluptatem modi tempore et quia praesentium. Quis et culpa nisi fugiat iure. Est dolor iusto totam unde sint totam aliquid.', 0, 1, '1998-09-10 02:59:35');
INSERT INTO `messages` (`id`, `from_user_id`, `from_hotel_id`, `body`, `is_important`, `is_delivered`, `created_at`) VALUES (118, 118, 20, 'Odit ullam at totam voluptas quae. Recusandae doloremque sit rem aut sunt autem. Earum molestiae aperiam non iure. Nihil ipsum qui qui blanditiis quis quasi et.', 0, 0, '1995-07-02 06:58:24');
INSERT INTO `messages` (`id`, `from_user_id`, `from_hotel_id`, `body`, `is_important`, `is_delivered`, `created_at`) VALUES (119, 119, 27, 'Est provident qui voluptatem recusandae in reprehenderit et. Magnam cum aperiam voluptatem quia magnam sit. Tempore et necessitatibus rem sunt. Provident omnis necessitatibus sed at magnam et minima.', 1, 1, '1993-09-25 13:44:08');
INSERT INTO `messages` (`id`, `from_user_id`, `from_hotel_id`, `body`, `is_important`, `is_delivered`, `created_at`) VALUES (120, 120, 25, 'Beatae vero voluptatem iure qui corporis cumque. Maxime molestias vel voluptas dolorem.', 1, 1, '1984-10-19 10:47:48');
INSERT INTO `messages` (`id`, `from_user_id`, `from_hotel_id`, `body`, `is_important`, `is_delivered`, `created_at`) VALUES (121, 121, 5, 'Eos minima tempore quia aut corporis et commodi labore. Eos et quibusdam animi nulla iure. Neque adipisci fugiat omnis esse aut perspiciatis vero.', 1, 1, '2016-09-19 01:00:20');
INSERT INTO `messages` (`id`, `from_user_id`, `from_hotel_id`, `body`, `is_important`, `is_delivered`, `created_at`) VALUES (122, 122, 35, 'Unde eum temporibus amet iusto voluptate et totam et. Tempora non velit velit quis vero. Non id iste doloremque aut consequatur libero. Vel qui voluptatem debitis alias.', 1, 0, '1999-12-01 07:12:07');
INSERT INTO `messages` (`id`, `from_user_id`, `from_hotel_id`, `body`, `is_important`, `is_delivered`, `created_at`) VALUES (123, 123, 22, 'Qui dolor nulla autem beatae. Id est aliquam earum consequatur ut. Quam quo repellat vero ex iste non in.', 0, 1, '2005-01-12 15:43:25');
INSERT INTO `messages` (`id`, `from_user_id`, `from_hotel_id`, `body`, `is_important`, `is_delivered`, `created_at`) VALUES (124, 124, 19, 'Accusamus accusantium est dicta ut eaque quod. Quia odit eos hic incidunt. Temporibus sit temporibus quia eligendi corrupti.', 0, 1, '2011-05-16 22:20:17');
INSERT INTO `messages` (`id`, `from_user_id`, `from_hotel_id`, `body`, `is_important`, `is_delivered`, `created_at`) VALUES (125, 125, 33, 'Quas quia et tempore quis. Ut nemo voluptatum ut ex ipsam quibusdam. Qui aut iste molestias unde accusamus. Molestiae quo praesentium quidem corporis. Occaecati natus unde qui dolor natus saepe.', 1, 1, '2018-01-07 11:59:57');
INSERT INTO `messages` (`id`, `from_user_id`, `from_hotel_id`, `body`, `is_important`, `is_delivered`, `created_at`) VALUES (126, 126, 29, 'Nam itaque modi repellat laborum omnis. Excepturi laboriosam consequatur et sunt voluptatem odio. Sunt facilis at qui pariatur veritatis. Commodi voluptatem aut soluta quae maxime iste sint.', 0, 0, '2008-04-01 18:26:45');
INSERT INTO `messages` (`id`, `from_user_id`, `from_hotel_id`, `body`, `is_important`, `is_delivered`, `created_at`) VALUES (127, 127, 39, 'Et architecto consequuntur et neque sed. Et molestias expedita quam. Eveniet eveniet ipsum dolores voluptas esse accusamus aliquid. Et ullam sed nemo facere reiciendis vel ipsam.', 0, 0, '1993-09-20 13:20:35');
INSERT INTO `messages` (`id`, `from_user_id`, `from_hotel_id`, `body`, `is_important`, `is_delivered`, `created_at`) VALUES (128, 128, 13, 'Laboriosam ut molestiae accusamus quo velit. Voluptatibus magni sint officiis quia fugit eos eos quos. Praesentium voluptas itaque mollitia et provident.', 1, 1, '1983-09-17 05:36:42');
INSERT INTO `messages` (`id`, `from_user_id`, `from_hotel_id`, `body`, `is_important`, `is_delivered`, `created_at`) VALUES (129, 129, 7, 'Distinctio dignissimos autem odio et. Vel ratione ea autem laborum commodi. Officia eius et aspernatur tempora sed nisi. Adipisci omnis tempora voluptas nihil.', 1, 1, '1995-09-02 17:45:59');
INSERT INTO `messages` (`id`, `from_user_id`, `from_hotel_id`, `body`, `is_important`, `is_delivered`, `created_at`) VALUES (130, 130, 29, 'Nam consequatur dolorem voluptatibus. Nisi nemo sequi corporis. Et expedita quod aliquid nisi in.', 0, 1, '2018-06-28 21:10:17');
INSERT INTO `messages` (`id`, `from_user_id`, `from_hotel_id`, `body`, `is_important`, `is_delivered`, `created_at`) VALUES (131, 131, 5, 'Optio qui ex quisquam similique possimus. Doloremque eum corporis fugiat adipisci et at. Ea consequatur eius ab minus fuga quidem dolorem. Debitis iure laboriosam quia dignissimos nulla quia et.', 0, 1, '1973-02-24 18:26:34');
INSERT INTO `messages` (`id`, `from_user_id`, `from_hotel_id`, `body`, `is_important`, `is_delivered`, `created_at`) VALUES (132, 132, 10, 'Consequatur cum sit est aut facilis. Delectus odit reprehenderit nemo. Accusantium exercitationem earum sed esse. Ut nobis corrupti doloremque voluptate.', 1, 0, '2002-10-06 00:56:06');
INSERT INTO `messages` (`id`, `from_user_id`, `from_hotel_id`, `body`, `is_important`, `is_delivered`, `created_at`) VALUES (133, 133, 23, 'Atque debitis enim non in modi. Nisi dolor excepturi qui quo. Dicta dicta eveniet praesentium aut. Voluptas est ducimus rerum dicta ipsam.', 0, 1, '1991-05-30 23:49:38');
INSERT INTO `messages` (`id`, `from_user_id`, `from_hotel_id`, `body`, `is_important`, `is_delivered`, `created_at`) VALUES (134, 134, 3, 'Et et tenetur repellat ad corrupti et nihil hic. Enim sunt cumque eum magnam. Corrupti voluptate et sunt eos non.', 1, 0, '1988-07-11 21:05:37');
INSERT INTO `messages` (`id`, `from_user_id`, `from_hotel_id`, `body`, `is_important`, `is_delivered`, `created_at`) VALUES (135, 135, 35, 'Dolores voluptas enim nisi aut quia exercitationem. Sed eligendi ipsam nesciunt. Quia consequuntur aut nesciunt minus.', 0, 1, '1980-05-09 04:02:23');
INSERT INTO `messages` (`id`, `from_user_id`, `from_hotel_id`, `body`, `is_important`, `is_delivered`, `created_at`) VALUES (136, 136, 12, 'Inventore aut modi nulla deleniti est minus ea. Deleniti earum reprehenderit illo non et ipsum. Est consequuntur inventore possimus consequatur.', 1, 1, '1981-05-04 20:22:32');
INSERT INTO `messages` (`id`, `from_user_id`, `from_hotel_id`, `body`, `is_important`, `is_delivered`, `created_at`) VALUES (137, 137, 36, 'Qui est explicabo maiores enim in et nesciunt. Rerum qui voluptas magnam enim dolor. Ad nisi tempora veritatis quam unde.', 1, 0, '2005-06-13 21:54:40');
INSERT INTO `messages` (`id`, `from_user_id`, `from_hotel_id`, `body`, `is_important`, `is_delivered`, `created_at`) VALUES (138, 138, 30, 'Vel similique ipsa necessitatibus nihil. Eius asperiores distinctio dicta illo nostrum ea. Quos laborum molestiae quasi minima. Qui eos officiis alias voluptas sint animi voluptas qui.', 0, 1, '1989-04-01 02:26:09');
INSERT INTO `messages` (`id`, `from_user_id`, `from_hotel_id`, `body`, `is_important`, `is_delivered`, `created_at`) VALUES (139, 139, 12, 'Quas consectetur dolore excepturi ea voluptate. Ducimus beatae libero officiis et repellat architecto consequatur. Autem a ipsam eos. Ut temporibus occaecati placeat pariatur iusto possimus aut.', 0, 1, '2003-03-20 05:13:53');
INSERT INTO `messages` (`id`, `from_user_id`, `from_hotel_id`, `body`, `is_important`, `is_delivered`, `created_at`) VALUES (140, 140, 30, 'Voluptas optio eligendi et veniam. Possimus consequuntur neque vitae alias blanditiis. Autem repellendus illum magni ad aut.', 1, 1, '2011-07-02 14:36:23');
INSERT INTO `messages` (`id`, `from_user_id`, `from_hotel_id`, `body`, `is_important`, `is_delivered`, `created_at`) VALUES (141, 141, 31, 'Quis sequi sunt voluptas cumque. At aut aut alias ut. Non natus eum facilis modi quos. Quia illum libero expedita perferendis occaecati quisquam.', 1, 0, '2002-08-23 10:53:10');
INSERT INTO `messages` (`id`, `from_user_id`, `from_hotel_id`, `body`, `is_important`, `is_delivered`, `created_at`) VALUES (142, 142, 30, 'Consequuntur consequatur quo porro consequatur modi aliquid inventore. Non eaque neque dicta molestiae non et qui. Et ut maxime rerum saepe cupiditate natus fugiat omnis.', 1, 0, '1996-09-09 10:17:07');
INSERT INTO `messages` (`id`, `from_user_id`, `from_hotel_id`, `body`, `is_important`, `is_delivered`, `created_at`) VALUES (143, 143, 16, 'Veritatis asperiores minima laudantium eligendi maiores voluptate. Veritatis quasi fugit sit est est. Illo aut sequi sit dolorem tempore.', 1, 1, '2020-04-04 06:58:46');
INSERT INTO `messages` (`id`, `from_user_id`, `from_hotel_id`, `body`, `is_important`, `is_delivered`, `created_at`) VALUES (144, 144, 28, 'Et autem et qui corporis. Voluptas enim dolorum velit commodi dolor consequuntur et. Sint ea nihil non quaerat omnis quaerat consequatur.', 0, 0, '2010-04-28 11:43:43');
INSERT INTO `messages` (`id`, `from_user_id`, `from_hotel_id`, `body`, `is_important`, `is_delivered`, `created_at`) VALUES (145, 145, 10, 'Eveniet excepturi qui et. Maxime tenetur porro harum est. Itaque quidem magnam soluta quia. Natus omnis aspernatur eum nihil aut doloremque aut.', 0, 1, '1977-04-18 08:18:22');
INSERT INTO `messages` (`id`, `from_user_id`, `from_hotel_id`, `body`, `is_important`, `is_delivered`, `created_at`) VALUES (146, 146, 10, 'Ea nemo dolores quod. Maiores occaecati hic aliquid modi quia ipsum. Voluptas omnis saepe doloribus. Rerum voluptatum odio dolorem commodi iusto explicabo.', 1, 0, '2015-12-19 16:12:57');
INSERT INTO `messages` (`id`, `from_user_id`, `from_hotel_id`, `body`, `is_important`, `is_delivered`, `created_at`) VALUES (147, 147, 32, 'Minima nostrum vero ipsum vel tenetur. Velit fugit asperiores vel totam. Voluptates quisquam odit atque consequuntur laudantium dolores aperiam.', 0, 0, '1997-06-15 09:38:13');
INSERT INTO `messages` (`id`, `from_user_id`, `from_hotel_id`, `body`, `is_important`, `is_delivered`, `created_at`) VALUES (148, 148, 19, 'Rem beatae praesentium deleniti est exercitationem velit doloribus. Dolor repellendus consequatur mollitia magni. Aliquam magnam numquam quam ex rerum.', 1, 0, '1980-02-02 18:15:11');
INSERT INTO `messages` (`id`, `from_user_id`, `from_hotel_id`, `body`, `is_important`, `is_delivered`, `created_at`) VALUES (149, 149, 29, 'Enim corrupti aliquam odio magni eligendi consequuntur. Vel ut reiciendis officiis impedit. Voluptatum aut doloribus sint omnis.', 1, 1, '1970-04-28 18:08:42');
INSERT INTO `messages` (`id`, `from_user_id`, `from_hotel_id`, `body`, `is_important`, `is_delivered`, `created_at`) VALUES (150, 150, 19, 'Cum reprehenderit ut et ipsum quia repudiandae eaque. Sapiente eaque itaque ipsa et odio deleniti. Perspiciatis qui dolores ea accusamus ipsum. Consequatur quibusdam consequatur non unde est.', 1, 0, '1979-10-24 18:01:33');


#
# TABLE STRUCTURE FOR: notifications
#

DROP TABLE IF EXISTS `notifications`;

CREATE TABLE `notifications` (
  `user_id` int(10) unsigned NOT NULL,
  `notification_text` text COLLATE utf8_unicode_ci NOT NULL,
  `created_at` datetime DEFAULT current_timestamp(),
  PRIMARY KEY (`user_id`)
) ENGINE=InnoDB DEFAULT CHARSET=utf8 COLLATE=utf8_unicode_ci;

INSERT INTO `notifications` (`user_id`, `notification_text`, `created_at`) VALUES (1, 'Harum quae ipsa assumenda. Ex unde et ut consequatur ad voluptate ipsum. Voluptas vero cupiditate reiciendis in praesentium. Possimus architecto ut voluptas.', '2013-04-21 16:24:42');
INSERT INTO `notifications` (`user_id`, `notification_text`, `created_at`) VALUES (2, 'Omnis perferendis omnis fugiat quia ea laudantium. Animi est recusandae ex in a error harum. Consequatur ad harum earum inventore optio temporibus.', '2008-04-12 09:33:33');
INSERT INTO `notifications` (`user_id`, `notification_text`, `created_at`) VALUES (3, 'Eligendi vel officiis et aut aliquid magni. Illo consequatur ut reprehenderit magnam vitae. Quos nisi voluptas sint aspernatur quia sunt corporis vitae.', '2013-10-17 01:14:10');
INSERT INTO `notifications` (`user_id`, `notification_text`, `created_at`) VALUES (4, 'Animi reprehenderit incidunt dolorem sequi. Quisquam dolorum dolor deserunt consequatur qui.', '1989-09-04 11:51:34');
INSERT INTO `notifications` (`user_id`, `notification_text`, `created_at`) VALUES (5, 'Totam impedit hic odit et non natus. Iusto sit minima sapiente architecto minus architecto. Libero sint maxime quidem debitis voluptatum repudiandae. Et placeat ipsam non maiores.', '1993-07-16 23:06:40');
INSERT INTO `notifications` (`user_id`, `notification_text`, `created_at`) VALUES (6, 'Dicta vero esse alias incidunt voluptas vel molestias. Velit occaecati consequatur consectetur provident. Libero nemo iure et qui fuga et doloribus.', '2002-04-22 19:17:04');
INSERT INTO `notifications` (`user_id`, `notification_text`, `created_at`) VALUES (7, 'Corrupti ea hic doloremque aut quibusdam. Maxime repudiandae vitae suscipit facilis similique. Id aperiam animi ut eligendi. Exercitationem dolores deserunt optio delectus tempore quis aut officiis.', '1972-09-02 21:12:22');
INSERT INTO `notifications` (`user_id`, `notification_text`, `created_at`) VALUES (8, 'Id perspiciatis reiciendis voluptatum exercitationem sit sint consequuntur. Nisi quaerat facilis cupiditate ut maiores sequi.', '1980-12-19 13:26:40');
INSERT INTO `notifications` (`user_id`, `notification_text`, `created_at`) VALUES (9, 'Ad et aut rerum esse magni adipisci. Quas voluptate et saepe hic. Molestiae qui recusandae ipsam est dolorum. Consequatur reiciendis impedit minima dolorem.', '2010-11-12 11:04:20');
INSERT INTO `notifications` (`user_id`, `notification_text`, `created_at`) VALUES (10, 'Quo minus sed maiores dignissimos iure cum repudiandae. Ut et enim et est. Est assumenda non unde quo dolores placeat. Et minima occaecati optio adipisci.', '2002-02-17 14:41:23');
INSERT INTO `notifications` (`user_id`, `notification_text`, `created_at`) VALUES (11, 'Nisi doloremque ducimus aspernatur est enim quia earum. Inventore rerum sunt asperiores harum. Et voluptatem sunt ab velit ab ut totam non.', '2000-04-26 20:20:23');
INSERT INTO `notifications` (`user_id`, `notification_text`, `created_at`) VALUES (12, 'Ut enim minus accusamus eos dolorem ut. Soluta est nulla molestiae molestiae voluptates omnis. Eius qui vel rerum et qui.', '1999-08-03 06:16:25');
INSERT INTO `notifications` (`user_id`, `notification_text`, `created_at`) VALUES (13, 'Sapiente expedita perspiciatis hic. Et et error voluptatem quisquam in ipsum eum corporis. Et omnis et sed provident a.', '1972-10-11 22:28:17');
INSERT INTO `notifications` (`user_id`, `notification_text`, `created_at`) VALUES (14, 'Et esse vero sit. Minima quia fugiat maxime quae. Excepturi unde non voluptatum magni amet pariatur.', '2005-02-19 15:32:05');
INSERT INTO `notifications` (`user_id`, `notification_text`, `created_at`) VALUES (15, 'Dolor voluptas maiores aperiam est aut atque. Necessitatibus nam est quidem rem. Autem rerum assumenda quisquam vero quam. Deserunt corporis vel unde dolorum voluptatem.', '1984-07-25 13:14:10');
INSERT INTO `notifications` (`user_id`, `notification_text`, `created_at`) VALUES (16, 'Veritatis perferendis fugit laboriosam enim iste assumenda. Nemo ipsam dolor reiciendis aut. Consequatur quasi non blanditiis ex aliquam ipsa.', '1979-04-19 08:54:25');
INSERT INTO `notifications` (`user_id`, `notification_text`, `created_at`) VALUES (17, 'A provident maxime modi vitae eum. Perferendis omnis rerum iure impedit distinctio.', '2012-11-06 04:15:37');
INSERT INTO `notifications` (`user_id`, `notification_text`, `created_at`) VALUES (18, 'Voluptatibus corrupti necessitatibus quae amet earum maiores id. Reiciendis magnam ut quisquam aspernatur. Labore sed error facere voluptas illo nihil.', '2003-01-24 16:59:16');
INSERT INTO `notifications` (`user_id`, `notification_text`, `created_at`) VALUES (19, 'Tempore rem optio molestias praesentium ullam dolorem perferendis. Voluptates voluptas aut nihil aut et. Ut quaerat rerum libero molestias placeat. Illum culpa molestiae sint.', '2005-11-07 06:03:10');
INSERT INTO `notifications` (`user_id`, `notification_text`, `created_at`) VALUES (20, 'Itaque ex distinctio velit molestias corporis. Ipsam ipsa beatae sunt. Facere porro voluptas iusto officia animi delectus sed.', '1999-05-21 01:23:52');
INSERT INTO `notifications` (`user_id`, `notification_text`, `created_at`) VALUES (21, 'Laudantium autem vel omnis esse dolorem consequatur quo. Harum facere dolores et id ut et. Magni quasi ut corporis ut. Repellat deleniti quo fugit fugiat occaecati distinctio velit omnis.', '2018-05-26 09:24:32');
INSERT INTO `notifications` (`user_id`, `notification_text`, `created_at`) VALUES (22, 'Et est rerum autem aut commodi aut. Rerum qui saepe earum. Eveniet provident laboriosam sunt recusandae sit harum delectus.', '1982-04-19 03:10:02');
INSERT INTO `notifications` (`user_id`, `notification_text`, `created_at`) VALUES (23, 'Vel quam nulla qui quis enim ut voluptatum libero. Et neque sit harum ut fugit nulla excepturi. Totam quis et id adipisci aut reiciendis minus et.', '2009-02-08 07:09:26');
INSERT INTO `notifications` (`user_id`, `notification_text`, `created_at`) VALUES (24, 'Amet nobis qui ipsam sit et commodi et et. Perferendis libero et consequatur iste voluptate aut aut. Saepe vel accusantium ipsum distinctio maiores.', '1999-11-22 16:08:30');
INSERT INTO `notifications` (`user_id`, `notification_text`, `created_at`) VALUES (25, 'Est dolore et minima sint maxime odio incidunt. Explicabo dolorum repellat id eveniet itaque. Ut ea ut eum et molestiae ea. Ut et voluptas repellendus nobis. Voluptatem aspernatur porro quas fugiat.', '1979-06-10 20:33:13');
INSERT INTO `notifications` (`user_id`, `notification_text`, `created_at`) VALUES (26, 'Odit aspernatur molestias recusandae eos. Consequatur ad magnam veritatis qui dolorem. Sapiente quia voluptas et voluptatem ab dolorem. Tempora culpa aliquid facilis beatae provident nemo.', '1986-04-08 16:06:34');
INSERT INTO `notifications` (`user_id`, `notification_text`, `created_at`) VALUES (27, 'Consectetur quidem nihil itaque sapiente. Qui odit velit quia.', '2014-07-26 06:56:58');
INSERT INTO `notifications` (`user_id`, `notification_text`, `created_at`) VALUES (28, 'Sit expedita delectus quia quas. Deleniti sunt sed quia qui vero dolorum nobis. Similique sit recusandae numquam est pariatur officiis. Quasi ullam aperiam inventore qui.', '2008-07-27 12:42:04');
INSERT INTO `notifications` (`user_id`, `notification_text`, `created_at`) VALUES (29, 'A rerum suscipit voluptatum et ut dolorem. Non laboriosam doloribus facilis aut alias. Quod dolor quisquam atque harum voluptas quisquam et. Veritatis eligendi fugit eum ut a quis dolor.', '1991-07-08 12:33:25');
INSERT INTO `notifications` (`user_id`, `notification_text`, `created_at`) VALUES (30, 'Rerum alias assumenda odio sint. Sunt laboriosam similique id labore. Placeat cumque iusto error consequatur omnis saepe. Et dicta magni quia id. Sint aut id corporis ratione.', '2001-01-11 00:19:39');
INSERT INTO `notifications` (`user_id`, `notification_text`, `created_at`) VALUES (31, 'Et eos quos maiores deserunt minima et. Et ratione placeat velit excepturi illum non molestias numquam.', '2013-09-15 17:27:00');
INSERT INTO `notifications` (`user_id`, `notification_text`, `created_at`) VALUES (32, 'Et ipsum consequuntur autem aperiam voluptates molestiae quos. Culpa sit omnis id aut possimus. Minus non sit placeat quo consectetur. Et doloribus commodi nulla tempore non.', '1998-09-18 05:36:21');
INSERT INTO `notifications` (`user_id`, `notification_text`, `created_at`) VALUES (33, 'Consequatur et neque laudantium ullam. Est ut quis et eum velit. Soluta est facilis aut voluptatem hic suscipit consequatur ut. Error omnis autem illum adipisci. Expedita nulla eum porro rerum sequi.', '1986-10-20 00:07:19');
INSERT INTO `notifications` (`user_id`, `notification_text`, `created_at`) VALUES (34, 'Aliquam maxime quis hic voluptatem sed fugiat. Nemo et voluptatem itaque repudiandae in ut voluptas velit.', '1997-05-27 15:43:04');
INSERT INTO `notifications` (`user_id`, `notification_text`, `created_at`) VALUES (35, 'Et provident qui qui magnam qui animi aut. Quo est expedita sint ut dolore. Saepe nostrum incidunt amet explicabo et laborum reiciendis.', '1988-09-04 02:04:02');
INSERT INTO `notifications` (`user_id`, `notification_text`, `created_at`) VALUES (36, 'Pariatur asperiores est temporibus non aliquid. Qui sequi harum et est reiciendis aut in. Tempora sit sed maiores quis est. Quidem sit qui autem. Quo et dolor itaque quia porro est.', '1982-11-04 17:46:45');
INSERT INTO `notifications` (`user_id`, `notification_text`, `created_at`) VALUES (37, 'Rerum consequatur quis sequi quia. Officiis nemo recusandae qui iusto ducimus cum. Laboriosam soluta exercitationem nisi laudantium voluptatum sit.', '1985-01-30 16:53:08');
INSERT INTO `notifications` (`user_id`, `notification_text`, `created_at`) VALUES (38, 'Eos eveniet nesciunt hic laudantium. Est debitis accusamus dicta saepe quia. Perspiciatis mollitia voluptas provident quae nobis quo. Voluptatum laboriosam dicta et impedit voluptas et sit.', '2015-10-29 02:11:18');
INSERT INTO `notifications` (`user_id`, `notification_text`, `created_at`) VALUES (39, 'Enim voluptas beatae placeat rerum. Similique soluta deserunt et dolores exercitationem necessitatibus. Repellat non repellendus qui cumque.', '1978-07-17 17:12:11');
INSERT INTO `notifications` (`user_id`, `notification_text`, `created_at`) VALUES (40, 'Enim quo magnam rerum adipisci dolore. Quibusdam iure laboriosam quibusdam expedita consequatur est. Culpa ut iste eveniet optio. Illo sed est in doloremque et ut.', '1977-08-02 07:34:25');
INSERT INTO `notifications` (`user_id`, `notification_text`, `created_at`) VALUES (41, 'Aut consequatur quisquam est. Facere magni voluptas quasi ipsa ut consequuntur cumque. Laboriosam voluptate tenetur commodi qui magni et. Deserunt ut sequi quam voluptatem ullam.', '1980-09-08 07:43:24');
INSERT INTO `notifications` (`user_id`, `notification_text`, `created_at`) VALUES (42, 'Explicabo ab ut labore ducimus dolores. Labore enim qui quam aut voluptas eum. Rem ratione blanditiis doloremque laboriosam architecto aut ex voluptas. Dicta sunt dolore nam placeat non in maxime.', '2011-02-18 06:05:02');
INSERT INTO `notifications` (`user_id`, `notification_text`, `created_at`) VALUES (43, 'Dolorem placeat natus laudantium molestiae repellendus porro aut alias. Voluptatem consequatur minus sunt odio omnis a.', '1982-07-22 06:50:37');
INSERT INTO `notifications` (`user_id`, `notification_text`, `created_at`) VALUES (44, 'Eligendi et eum dicta qui nihil modi. Impedit consequatur deserunt consequatur commodi tempore quia iure aliquam.', '1994-03-25 22:19:22');
INSERT INTO `notifications` (`user_id`, `notification_text`, `created_at`) VALUES (45, 'Tempora minima et facere ipsam est iure. Asperiores fugit et vel quam eum aut. Ipsum aliquid amet eos harum quasi incidunt.', '1981-10-22 04:50:18');
INSERT INTO `notifications` (`user_id`, `notification_text`, `created_at`) VALUES (46, 'Quas dolores nemo doloremque enim est. Veritatis in omnis neque qui. Ipsa nostrum optio quia non laboriosam a. Sint cumque voluptatem aperiam nulla. Amet minima ut molestias et.', '2010-12-21 12:00:06');
INSERT INTO `notifications` (`user_id`, `notification_text`, `created_at`) VALUES (47, 'Quaerat modi laboriosam accusamus quaerat aut magni. Nihil eum neque dolore hic. Sed harum et consequatur modi similique nemo. Molestiae pariatur exercitationem provident veritatis qui aut aut.', '2001-04-09 18:00:11');
INSERT INTO `notifications` (`user_id`, `notification_text`, `created_at`) VALUES (48, 'Veritatis aut cupiditate rerum. Expedita earum soluta eligendi eum sequi. Harum quae omnis doloremque vitae asperiores suscipit quae. Et mollitia perspiciatis nesciunt et sed totam culpa.', '1995-02-25 14:19:52');
INSERT INTO `notifications` (`user_id`, `notification_text`, `created_at`) VALUES (49, 'Amet est qui voluptatum. Sapiente quasi et aut suscipit quia et. Est molestiae voluptas et et necessitatibus consequatur. Enim ab qui quod consequatur.', '2020-04-23 18:55:40');
INSERT INTO `notifications` (`user_id`, `notification_text`, `created_at`) VALUES (50, 'Ipsum illo autem sed qui. Qui in sequi ex id voluptatem. Sint debitis voluptatum quis reprehenderit molestiae ad. Eveniet officiis tempore qui dolorum.', '1981-06-25 17:36:32');
INSERT INTO `notifications` (`user_id`, `notification_text`, `created_at`) VALUES (51, 'Iusto delectus aut ut reiciendis impedit sint pariatur. Quo ratione voluptatibus cumque. Quia vel assumenda consequatur sint. Dignissimos ratione molestiae aut.', '2008-03-22 08:21:46');
INSERT INTO `notifications` (`user_id`, `notification_text`, `created_at`) VALUES (52, 'Labore sit et rerum eveniet molestiae blanditiis doloremque. Consequatur deserunt commodi explicabo et possimus. Sit occaecati itaque aut autem.', '1993-09-02 11:43:04');
INSERT INTO `notifications` (`user_id`, `notification_text`, `created_at`) VALUES (53, 'Iste nam a a harum. Commodi vitae facilis nostrum occaecati qui sit.', '1987-11-28 08:03:29');
INSERT INTO `notifications` (`user_id`, `notification_text`, `created_at`) VALUES (54, 'Facere error quaerat reprehenderit aut. Voluptatem autem et nobis qui quidem sapiente dolorem. Aperiam voluptatem aspernatur architecto sunt quia. Fuga laborum reprehenderit minus ut officiis et et.', '1970-11-12 02:18:56');
INSERT INTO `notifications` (`user_id`, `notification_text`, `created_at`) VALUES (55, 'Tempore explicabo ipsa harum quia voluptatem possimus tenetur. Velit aspernatur adipisci ab aspernatur aspernatur deleniti.', '2010-01-08 10:53:37');
INSERT INTO `notifications` (`user_id`, `notification_text`, `created_at`) VALUES (56, 'Laudantium aut alias quis. Rem eos deleniti blanditiis est. Laborum tempore quos sed.\nEt cupiditate dolorum qui velit veritatis. Sint et eaque quis rerum aut eaque. Quisquam facilis totam iure nisi.', '1986-03-16 20:45:05');
INSERT INTO `notifications` (`user_id`, `notification_text`, `created_at`) VALUES (57, 'Corporis et soluta voluptatem illum commodi quia. Soluta et sed est quidem voluptatum. Ex optio quo distinctio quia quas aut. Sed voluptatem et ipsum expedita.', '2017-12-17 03:48:12');
INSERT INTO `notifications` (`user_id`, `notification_text`, `created_at`) VALUES (58, 'Quis sequi officia sit ratione nobis. Quas qui est repellendus quasi non et amet quis. Aliquid unde eius rerum quod quasi.', '1971-01-30 03:29:23');
INSERT INTO `notifications` (`user_id`, `notification_text`, `created_at`) VALUES (59, 'Sequi animi fugiat expedita eos at atque. Iusto pariatur soluta voluptatem vel mollitia. Nesciunt similique assumenda officia maxime.', '1987-07-01 09:55:47');
INSERT INTO `notifications` (`user_id`, `notification_text`, `created_at`) VALUES (60, 'Aliquam qui possimus nihil ut possimus fuga. Officiis odit odit earum velit.', '1974-05-22 10:04:33');
INSERT INTO `notifications` (`user_id`, `notification_text`, `created_at`) VALUES (61, 'Eveniet explicabo porro suscipit rerum dicta id laudantium. Corporis quia nulla minima. Dolores illo sunt nostrum error. Aliquid aut culpa qui dolores quo.', '2007-12-23 10:27:42');
INSERT INTO `notifications` (`user_id`, `notification_text`, `created_at`) VALUES (62, 'Saepe magni eaque nihil omnis rerum qui tenetur. Praesentium aut vitae modi in vitae explicabo ipsa. Voluptate nam laboriosam quaerat doloribus corrupti ex eaque nostrum.', '1998-02-06 14:26:36');
INSERT INTO `notifications` (`user_id`, `notification_text`, `created_at`) VALUES (63, 'Earum dolorem consequatur aut voluptas vel. Est exercitationem cumque accusantium enim aut ipsam et. Ea aut accusamus occaecati dolorem tenetur debitis. Voluptatem aut sequi praesentium est et qui.', '1993-09-10 14:17:34');
INSERT INTO `notifications` (`user_id`, `notification_text`, `created_at`) VALUES (64, 'Aut aut illo dolor sit blanditiis magni. Illo veniam magnam voluptates voluptatem ut sed ut. Quasi soluta expedita rerum ut velit. Ea molestiae corporis culpa iste nihil officia natus.', '2001-06-11 20:35:46');
INSERT INTO `notifications` (`user_id`, `notification_text`, `created_at`) VALUES (65, 'Officia ex praesentium illum dolorum sit. Temporibus corrupti non eaque libero temporibus quam quo. Id voluptas odit molestiae veniam cumque id. Voluptatem qui totam ex pariatur odio vitae.', '2005-12-12 18:38:52');
INSERT INTO `notifications` (`user_id`, `notification_text`, `created_at`) VALUES (66, 'Non nulla amet aliquam quam. Aut sed recusandae illum autem. Quia consequatur quod voluptatem consequatur qui dignissimos. Aut quam molestias nobis error vel id vero.', '1989-02-13 00:57:56');
INSERT INTO `notifications` (`user_id`, `notification_text`, `created_at`) VALUES (67, 'Neque perspiciatis accusamus et perspiciatis. Eius harum provident expedita qui quod doloribus voluptatum maiores. Molestiae sunt pariatur doloribus veritatis ad sit autem.', '2014-03-12 13:42:13');
INSERT INTO `notifications` (`user_id`, `notification_text`, `created_at`) VALUES (68, 'Perspiciatis unde ipsam culpa exercitationem neque quia rerum. Voluptatibus provident dolore nisi voluptatem. Dolores accusantium ratione aut nam. Voluptate nesciunt dolorum fugiat animi recusandae.', '2005-01-12 21:52:40');
INSERT INTO `notifications` (`user_id`, `notification_text`, `created_at`) VALUES (69, 'Aut voluptates voluptatem quasi sit. Officia incidunt aliquam et quo quod quo et.', '1991-05-01 18:08:27');
INSERT INTO `notifications` (`user_id`, `notification_text`, `created_at`) VALUES (70, 'Modi quidem quas quae nostrum tempora officiis ad. Aut animi quia commodi cum officiis vel. Quisquam eum impedit ipsum vel.', '2004-11-26 01:37:57');
INSERT INTO `notifications` (`user_id`, `notification_text`, `created_at`) VALUES (71, 'Sint eaque nisi doloribus quae consectetur. Consequatur quod aspernatur magnam iste eum. Dolorum omnis numquam nam est aut numquam ipsum. Mollitia nihil quidem adipisci corrupti.', '2010-04-19 19:42:51');
INSERT INTO `notifications` (`user_id`, `notification_text`, `created_at`) VALUES (72, 'Eveniet temporibus eaque nihil adipisci officia. Iusto est fuga ab laborum ad.', '1989-10-29 01:17:56');
INSERT INTO `notifications` (`user_id`, `notification_text`, `created_at`) VALUES (73, 'Et quia provident debitis harum sint. Sint similique temporibus ipsa a quos fuga. Corrupti fugiat est qui reiciendis ipsa rerum. Nihil impedit molestiae repudiandae ut vitae non.', '2019-05-04 14:49:54');
INSERT INTO `notifications` (`user_id`, `notification_text`, `created_at`) VALUES (74, 'Impedit veritatis soluta harum cumque. Minima velit omnis ut reiciendis error. Quia sit impedit odit et quaerat similique sit. Sunt quia id qui qui maiores alias omnis aliquid.', '2014-07-09 21:04:58');
INSERT INTO `notifications` (`user_id`, `notification_text`, `created_at`) VALUES (75, 'Tempora et temporibus ex placeat nemo. Pariatur explicabo vero itaque alias eius alias perspiciatis.', '2001-10-06 22:09:05');
INSERT INTO `notifications` (`user_id`, `notification_text`, `created_at`) VALUES (76, 'Magni et recusandae et et a quis. Mollitia aut repellat debitis a quae eaque. Iure molestias quaerat rem nisi ut quia. Quos sed doloribus odit et qui ducimus quis est.', '1975-12-23 01:19:03');
INSERT INTO `notifications` (`user_id`, `notification_text`, `created_at`) VALUES (77, 'Id cupiditate id ut excepturi quod repellendus. Minima eligendi amet at explicabo occaecati expedita. Voluptate porro qui quibusdam sapiente. Qui ipsa numquam quia et vel necessitatibus quae.', '2020-04-01 18:30:56');
INSERT INTO `notifications` (`user_id`, `notification_text`, `created_at`) VALUES (78, 'Commodi aut amet minus facere. Dignissimos molestiae et nulla natus totam optio nulla quis. Qui dolore repellendus omnis nemo voluptate voluptatem.', '2016-07-31 08:55:56');
INSERT INTO `notifications` (`user_id`, `notification_text`, `created_at`) VALUES (79, 'Magnam est omnis corporis eos magni. Rerum nesciunt non amet harum in animi.\nEt et recusandae fuga alias magnam. Rem temporibus nam a in doloremque minima. A error omnis est tenetur.', '1984-07-26 06:27:01');
INSERT INTO `notifications` (`user_id`, `notification_text`, `created_at`) VALUES (80, 'Qui temporibus itaque reiciendis quaerat. Non aut vel ut nesciunt. Unde enim ut provident voluptatem est tenetur ea. Est vitae quis quis vero.', '1999-12-15 15:19:18');
INSERT INTO `notifications` (`user_id`, `notification_text`, `created_at`) VALUES (81, 'Et deleniti occaecati quia voluptatum officiis. Beatae qui neque nisi laborum quaerat. Debitis aut nemo aspernatur consectetur ratione officia. Aut cumque nisi dolorum quod et.', '2014-01-10 02:24:32');
INSERT INTO `notifications` (`user_id`, `notification_text`, `created_at`) VALUES (82, 'Similique voluptates sed nam rerum voluptatem. Occaecati quo dicta optio ipsum occaecati dolores consequatur at. Voluptatem ut et et atque. Hic dolorum dolores maxime doloribus vitae est.', '1977-03-11 14:01:35');
INSERT INTO `notifications` (`user_id`, `notification_text`, `created_at`) VALUES (83, 'Est doloribus vitae voluptatem quasi voluptatum mollitia. Aperiam aut velit ut. Inventore incidunt deserunt iusto sequi.', '2014-11-21 10:05:14');
INSERT INTO `notifications` (`user_id`, `notification_text`, `created_at`) VALUES (84, 'Et optio ut deserunt dolorem distinctio quisquam omnis. Ut explicabo fugiat voluptate voluptas tenetur incidunt. Commodi voluptates itaque enim neque recusandae.', '1971-08-30 13:37:54');
INSERT INTO `notifications` (`user_id`, `notification_text`, `created_at`) VALUES (85, 'Et repellat quia et et id. Deleniti cumque esse consectetur voluptatibus. Qui placeat ut molestiae ipsa at quidem voluptatem.', '2019-08-30 01:03:52');
INSERT INTO `notifications` (`user_id`, `notification_text`, `created_at`) VALUES (86, 'Est fuga cum repellat quaerat. Voluptas voluptatibus dolore odit similique facilis vitae. In earum maiores aut quia. Suscipit est exercitationem voluptatem et voluptatem.', '1985-04-04 08:25:19');
INSERT INTO `notifications` (`user_id`, `notification_text`, `created_at`) VALUES (87, 'Ut animi nesciunt quasi voluptatum. Dolore rerum hic et omnis aut.', '2000-01-31 07:58:06');
INSERT INTO `notifications` (`user_id`, `notification_text`, `created_at`) VALUES (88, 'Ut molestias suscipit dolore nulla sed animi qui sit. Iste earum cupiditate earum reiciendis dignissimos doloremque. Quibusdam qui vero iste voluptatum delectus quisquam.', '2015-08-23 10:01:21');
INSERT INTO `notifications` (`user_id`, `notification_text`, `created_at`) VALUES (89, 'Maiores aut tempore et quia in aspernatur non. Laborum ut id asperiores aspernatur. Tenetur inventore totam dignissimos placeat.', '1985-03-12 23:16:57');
INSERT INTO `notifications` (`user_id`, `notification_text`, `created_at`) VALUES (90, 'Et possimus vel enim facilis eveniet fuga. A soluta officia velit dolor et enim. Omnis nam earum sit quo eos suscipit vitae praesentium.', '1988-10-27 06:44:25');
INSERT INTO `notifications` (`user_id`, `notification_text`, `created_at`) VALUES (91, 'Aspernatur officiis eos ut fugit eum ut explicabo. Dolorem amet quia quis omnis. Accusamus est occaecati eos.', '2006-06-02 18:43:42');
INSERT INTO `notifications` (`user_id`, `notification_text`, `created_at`) VALUES (92, 'Dolores rerum et nisi laborum iure quod omnis. Ex est dolores et qui aut exercitationem adipisci animi. Dicta saepe voluptas quibusdam sed perspiciatis velit incidunt unde.', '2004-09-29 03:41:25');
INSERT INTO `notifications` (`user_id`, `notification_text`, `created_at`) VALUES (93, 'Eligendi eveniet blanditiis enim odio quia. Perspiciatis dolores consequatur quis quibusdam consequuntur eveniet aut sit.', '1993-01-29 21:41:23');
INSERT INTO `notifications` (`user_id`, `notification_text`, `created_at`) VALUES (94, 'Quia et aperiam quo in esse nemo. Cum recusandae accusantium et iste. Inventore enim saepe illo alias ea.', '2017-09-11 16:33:03');
INSERT INTO `notifications` (`user_id`, `notification_text`, `created_at`) VALUES (95, 'Laudantium quisquam similique ut nostrum dignissimos eos. Aperiam recusandae qui explicabo.', '1979-09-14 16:08:30');
INSERT INTO `notifications` (`user_id`, `notification_text`, `created_at`) VALUES (96, 'Nulla nam eveniet rerum autem. Eum quod repellat magnam. Harum numquam consequatur laboriosam eius nisi animi quod commodi. Nihil adipisci cumque expedita voluptate quidem repellat aspernatur.', '1997-08-25 10:19:42');
INSERT INTO `notifications` (`user_id`, `notification_text`, `created_at`) VALUES (97, 'Sit odit ut possimus modi totam ut. Aut harum et nostrum deleniti aut laboriosam.', '2005-02-18 07:52:39');
INSERT INTO `notifications` (`user_id`, `notification_text`, `created_at`) VALUES (98, 'Molestias voluptas deserunt nostrum quam ipsa aspernatur dicta. Dolorum cupiditate qui sapiente cumque ipsa fuga ipsa. Ea ipsam enim ut sunt. Architecto ut eaque fugit vero saepe iste.', '1976-01-02 09:14:33');
INSERT INTO `notifications` (`user_id`, `notification_text`, `created_at`) VALUES (99, 'Praesentium veniam placeat ipsam et inventore blanditiis. Eaque et et error qui et consectetur blanditiis. Laborum aut placeat quia dolor nisi sunt.', '2005-11-02 16:47:01');
INSERT INTO `notifications` (`user_id`, `notification_text`, `created_at`) VALUES (100, 'Voluptas quibusdam ut autem. Ut sint ut eveniet quisquam. Quia a sequi recusandae consequatur velit.', '1984-08-24 00:05:47');
INSERT INTO `notifications` (`user_id`, `notification_text`, `created_at`) VALUES (101, 'Dolorum excepturi ratione qui magnam nobis velit ipsam. Ut ab cumque eos culpa placeat facere. Quo quas dolor eaque quia quasi.', '1987-05-11 21:44:12');
INSERT INTO `notifications` (`user_id`, `notification_text`, `created_at`) VALUES (102, 'Vel quaerat similique occaecati. Sunt maiores ex aspernatur aliquid accusamus et sit. Aspernatur sed sit deleniti a. Dolores odio non expedita dignissimos qui harum.', '1991-03-27 20:51:26');
INSERT INTO `notifications` (`user_id`, `notification_text`, `created_at`) VALUES (103, 'Ipsa suscipit alias molestias distinctio. Molestiae dolorum possimus placeat modi. Quo quae ut suscipit.', '2014-05-02 12:33:40');
INSERT INTO `notifications` (`user_id`, `notification_text`, `created_at`) VALUES (104, 'Ab quis rerum nihil ullam itaque omnis. Rem quisquam facilis et iure aut nihil. Ipsa aut quisquam numquam ipsum ipsam in perferendis.', '1989-06-09 20:00:57');
INSERT INTO `notifications` (`user_id`, `notification_text`, `created_at`) VALUES (105, 'Corporis ea et est dolor maiores. Quia eum dignissimos dignissimos quia quaerat. Dolor sapiente minus est accusamus.', '1992-01-04 23:39:59');
INSERT INTO `notifications` (`user_id`, `notification_text`, `created_at`) VALUES (106, 'Aut voluptatum eligendi adipisci. Error fugiat sint non ad amet quas autem. Inventore nihil pariatur unde sit voluptas quo qui.', '2004-04-22 18:45:23');
INSERT INTO `notifications` (`user_id`, `notification_text`, `created_at`) VALUES (107, 'Iusto sint esse itaque et adipisci quia. Assumenda iste voluptas quibusdam illo ut. Expedita excepturi totam nisi ut. Exercitationem reiciendis ratione est nobis ut. Quia nisi fugit molestiae quos.', '1970-02-17 04:07:21');
INSERT INTO `notifications` (`user_id`, `notification_text`, `created_at`) VALUES (108, 'Cumque quo autem nobis quos suscipit enim adipisci. Odit rerum illo et rerum. Excepturi ut occaecati fugiat eos qui eos.', '2015-05-13 03:47:45');
INSERT INTO `notifications` (`user_id`, `notification_text`, `created_at`) VALUES (109, 'Magnam eos aliquid maxime autem. Nihil consectetur fugit quidem eos doloribus sed voluptates. Ad impedit iste vitae.', '2020-04-02 19:49:04');
INSERT INTO `notifications` (`user_id`, `notification_text`, `created_at`) VALUES (110, 'Est atque laudantium ad reprehenderit dolorem excepturi. Quasi et ullam exercitationem tenetur iusto. Ea dolor nisi nemo omnis aperiam facere.', '1981-03-11 11:20:40');
INSERT INTO `notifications` (`user_id`, `notification_text`, `created_at`) VALUES (111, 'Velit consequatur dolor rem deserunt aut reprehenderit reiciendis. Eaque et ullam expedita nobis iste qui. Odio eligendi et cum aut et. Impedit dolore ut eligendi consequatur laboriosam.', '2000-06-08 11:30:32');
INSERT INTO `notifications` (`user_id`, `notification_text`, `created_at`) VALUES (112, 'Molestiae eius tempora ut repellendus expedita. Cupiditate perspiciatis iusto expedita est. Quo quia omnis fugit reprehenderit.', '1984-10-18 14:04:02');
INSERT INTO `notifications` (`user_id`, `notification_text`, `created_at`) VALUES (113, 'Assumenda ea molestiae a iure qui aut distinctio. Molestiae itaque unde voluptatem officia omnis quia accusantium sit. Est debitis in recusandae ut vel. Molestiae atque tempora iure itaque.', '2004-03-25 23:46:17');
INSERT INTO `notifications` (`user_id`, `notification_text`, `created_at`) VALUES (114, 'Praesentium quia doloribus sit. Animi neque unde sed sit expedita et omnis. Suscipit rem culpa quo harum qui possimus. Aperiam odit aut et eaque nam voluptatem et quo.', '1993-08-13 16:40:42');
INSERT INTO `notifications` (`user_id`, `notification_text`, `created_at`) VALUES (115, 'Omnis provident rerum dolores molestias et dignissimos. Tempore sit est aut laudantium veniam esse. Iste quas odio odio iure. Totam dolorem quaerat repellendus quia omnis consequatur.', '1997-04-28 18:52:03');
INSERT INTO `notifications` (`user_id`, `notification_text`, `created_at`) VALUES (116, 'A odio quas dignissimos consequuntur reiciendis culpa quaerat laborum. Impedit deserunt natus et ab maiores. Et accusantium unde eveniet fugit nulla voluptate. Ut cum cupiditate et a deleniti beatae.', '2003-12-13 20:22:35');
INSERT INTO `notifications` (`user_id`, `notification_text`, `created_at`) VALUES (117, 'At fugiat consectetur earum et et quo. Ut vero dolorem sunt quod iste dolor repellendus. Sed earum nobis fugiat qui.', '1999-03-21 05:20:31');
INSERT INTO `notifications` (`user_id`, `notification_text`, `created_at`) VALUES (118, 'Quia vitae aperiam ullam perferendis deserunt. Aliquid natus esse dicta omnis. Sint perspiciatis ut praesentium laboriosam ipsa ut dolor enim.', '1995-07-02 10:58:33');
INSERT INTO `notifications` (`user_id`, `notification_text`, `created_at`) VALUES (119, 'Amet culpa repudiandae eum blanditiis quo non. Facere dolor suscipit eius quibusdam nam sit inventore. Et veritatis reiciendis suscipit accusantium optio necessitatibus iste.', '2017-08-18 20:55:26');
INSERT INTO `notifications` (`user_id`, `notification_text`, `created_at`) VALUES (120, 'Voluptate veniam consectetur sit sint laudantium. Corrupti omnis ipsam aut inventore sed atque itaque. Dolores aut reiciendis quia qui veritatis. Est nemo vitae dolore tempora enim.', '2001-04-08 05:15:20');
INSERT INTO `notifications` (`user_id`, `notification_text`, `created_at`) VALUES (121, 'Laborum sit numquam officia optio hic magni et aut. Ut et perferendis qui optio voluptas totam dignissimos. Debitis aut voluptatum amet ratione eligendi. Aut quisquam velit officia omnis.', '2002-03-06 04:53:24');
INSERT INTO `notifications` (`user_id`, `notification_text`, `created_at`) VALUES (122, 'Autem omnis sed iusto. Sunt occaecati non quod aut deserunt. Odit voluptas quisquam cum dolores et aperiam. Aut sit et est eius.', '2020-02-22 16:11:19');
INSERT INTO `notifications` (`user_id`, `notification_text`, `created_at`) VALUES (123, 'Ut earum ratione reprehenderit excepturi consequatur. Ad repellat eum repellendus. Ut aut magnam doloribus est ut non nostrum. Veritatis molestias officiis adipisci.', '2002-01-16 07:22:06');
INSERT INTO `notifications` (`user_id`, `notification_text`, `created_at`) VALUES (124, 'Vel possimus exercitationem quaerat autem cumque odit cum dicta. Reiciendis ut quasi libero aut repellendus. Temporibus eveniet laborum at autem ex consequatur in.', '2010-06-09 18:26:16');
INSERT INTO `notifications` (`user_id`, `notification_text`, `created_at`) VALUES (125, 'Numquam a ratione nihil aut suscipit suscipit. Sit vitae et enim quidem. Quidem pariatur laborum velit deserunt est explicabo. Qui et ex ut eos sequi velit ipsam nesciunt.', '1986-10-24 19:44:48');
INSERT INTO `notifications` (`user_id`, `notification_text`, `created_at`) VALUES (126, 'Repudiandae natus totam vitae vitae veniam est expedita animi. Incidunt aut quas veritatis rerum. Esse ut quidem cumque nisi quas voluptas. Enim tempora eligendi laboriosam veniam.', '2016-06-23 07:47:17');
INSERT INTO `notifications` (`user_id`, `notification_text`, `created_at`) VALUES (127, 'Vel ipsam sed iure. Doloribus perspiciatis voluptas id quia atque. Placeat et officia et. Esse voluptatum consequatur perspiciatis eum expedita. Quia sit velit ut corporis.', '2007-06-18 17:53:12');
INSERT INTO `notifications` (`user_id`, `notification_text`, `created_at`) VALUES (128, 'Facere est saepe quas quia rerum numquam recusandae. Pariatur numquam laboriosam eaque fuga. Itaque quo omnis illum et.', '1977-10-03 22:25:21');
INSERT INTO `notifications` (`user_id`, `notification_text`, `created_at`) VALUES (129, 'Illo qui non voluptas et. Ut et sint deleniti enim enim quasi quae. Harum rerum et consequuntur perspiciatis. Accusantium dolores cum alias cumque ut eveniet est animi. Accusamus et et qui libero.', '1970-01-28 13:34:15');
INSERT INTO `notifications` (`user_id`, `notification_text`, `created_at`) VALUES (130, 'Veritatis ipsum laboriosam et ex itaque. Veritatis sed necessitatibus molestiae exercitationem vero qui. Minima atque quos at consequatur sit. Voluptates eaque dolor exercitationem ea in quis.', '1984-04-17 07:38:28');
INSERT INTO `notifications` (`user_id`, `notification_text`, `created_at`) VALUES (131, 'Ratione quisquam ut fugit adipisci consequuntur pariatur aliquid. Eaque vitae soluta fugiat possimus dolor eum. Ex nemo tenetur vel quo fugit. Sunt ducimus et totam odio at.', '2003-05-23 20:51:58');
INSERT INTO `notifications` (`user_id`, `notification_text`, `created_at`) VALUES (132, 'Dolor nesciunt ipsum recusandae inventore. Reprehenderit quam consequatur nostrum doloribus rem et. Enim expedita et fuga quo.', '1996-04-08 13:20:17');
INSERT INTO `notifications` (`user_id`, `notification_text`, `created_at`) VALUES (133, 'Consectetur aut neque maiores quibusdam et. Et earum iusto expedita ut voluptas. Error modi voluptates totam illo distinctio.', '1976-12-08 00:17:29');
INSERT INTO `notifications` (`user_id`, `notification_text`, `created_at`) VALUES (134, 'Quo occaecati eum error ipsam quasi enim et. Placeat praesentium nulla iure quia dignissimos. Aliquid et et qui. Et maxime quibusdam amet libero voluptatem inventore.', '2004-09-14 15:36:07');
INSERT INTO `notifications` (`user_id`, `notification_text`, `created_at`) VALUES (135, 'Voluptatem veritatis suscipit et. Possimus aut neque ut voluptas aliquam est quia voluptate. Officiis corporis quia autem asperiores earum unde voluptatum.', '1970-02-05 06:54:18');
INSERT INTO `notifications` (`user_id`, `notification_text`, `created_at`) VALUES (136, 'Consequatur asperiores ea necessitatibus quia est molestiae illum. Aspernatur et consequatur repellendus distinctio quae esse ut. Harum amet veniam vel.', '1973-03-15 18:12:58');
INSERT INTO `notifications` (`user_id`, `notification_text`, `created_at`) VALUES (137, 'Ut corporis dolor quasi voluptatem aut error. Eius iste modi cum perspiciatis totam provident. Quam sed eos ad et ea.', '2003-12-21 23:29:04');
INSERT INTO `notifications` (`user_id`, `notification_text`, `created_at`) VALUES (138, 'Eligendi saepe a minima voluptas occaecati similique. Ullam rerum id perspiciatis dolorum et ad. Fuga neque odio ullam et id unde nesciunt ut. Pariatur quis molestias occaecati accusamus neque sint.', '2014-11-26 12:00:01');
INSERT INTO `notifications` (`user_id`, `notification_text`, `created_at`) VALUES (139, 'Ipsum nemo rerum aut tempora. Ea mollitia nobis qui officia atque quia dolorum sit. Sunt suscipit et eos ipsum laboriosam labore ipsam.', '1975-12-10 09:47:54');
INSERT INTO `notifications` (`user_id`, `notification_text`, `created_at`) VALUES (140, 'Inventore praesentium perferendis est. Animi consectetur non qui molestias. Enim est voluptas dolores repellendus qui.', '1983-04-26 21:55:17');
INSERT INTO `notifications` (`user_id`, `notification_text`, `created_at`) VALUES (141, 'Eaque dolores eos quisquam explicabo officia. Amet mollitia tempore omnis eius sequi. Sit atque fugiat facere.', '2002-11-04 10:06:23');
INSERT INTO `notifications` (`user_id`, `notification_text`, `created_at`) VALUES (142, 'Odit qui asperiores nam provident. Quis perferendis ratione vel quia ut veritatis deleniti harum. Consequatur nisi non laboriosam et assumenda voluptatem.', '2005-01-02 13:10:23');
INSERT INTO `notifications` (`user_id`, `notification_text`, `created_at`) VALUES (143, 'Molestiae earum ut voluptatibus sed. Maxime et ut occaecati laborum error. Et facilis necessitatibus voluptate labore aut sit.', '1982-08-12 22:53:58');
INSERT INTO `notifications` (`user_id`, `notification_text`, `created_at`) VALUES (144, 'Sint esse id dignissimos facilis molestiae dolor. Qui sed cumque quia ex est harum sint cumque. Nihil eos dolorem voluptatum voluptate ut eaque.', '2018-07-16 19:30:53');
INSERT INTO `notifications` (`user_id`, `notification_text`, `created_at`) VALUES (145, 'Et sed ut aut voluptatem quia commodi. Quia ullam sint aut quia voluptas voluptatum. Blanditiis iure rerum excepturi quaerat deleniti quidem.', '1990-11-01 21:43:08');
INSERT INTO `notifications` (`user_id`, `notification_text`, `created_at`) VALUES (146, 'Aliquid ut voluptatem beatae aut rerum sit deleniti. Nisi autem at sed eos. Autem voluptas sapiente dolorum eius.', '1992-07-30 18:46:05');
INSERT INTO `notifications` (`user_id`, `notification_text`, `created_at`) VALUES (147, 'Neque adipisci quidem cupiditate. Sapiente optio et et vero aut. Quia libero repellat quod ad sit.', '1995-05-26 19:28:42');
INSERT INTO `notifications` (`user_id`, `notification_text`, `created_at`) VALUES (148, 'Ipsum nostrum aut accusamus nobis harum. Quas doloremque nihil architecto est quia harum ut. Corrupti quia eius iure non ut expedita.', '2017-05-22 15:25:03');
INSERT INTO `notifications` (`user_id`, `notification_text`, `created_at`) VALUES (149, 'Rem reprehenderit officia qui delectus. Eaque voluptate velit rerum non nostrum alias. Quis mollitia nulla aut molestias nihil.', '2000-03-05 05:13:23');
INSERT INTO `notifications` (`user_id`, `notification_text`, `created_at`) VALUES (150, 'Eveniet qui suscipit ex. Qui repellendus eum totam assumenda nihil corrupti impedit. Assumenda molestiae officia suscipit eveniet.', '1997-06-01 18:34:04');


#
# TABLE STRUCTURE FOR: numbers
#

DROP TABLE IF EXISTS `numbers`;

CREATE TABLE `numbers` (
  `id` int(10) unsigned NOT NULL AUTO_INCREMENT,
  `name` varchar(150) COLLATE utf8_unicode_ci NOT NULL,
  `bed` varchar(50) COLLATE utf8_unicode_ci NOT NULL,
  `description` varchar(150) COLLATE utf8_unicode_ci NOT NULL,
  `seats_in_the_room` tinyint(3) unsigned NOT NULL,
  `cost` int(10) unsigned NOT NULL,
  PRIMARY KEY (`id`)
) ENGINE=InnoDB AUTO_INCREMENT=21 DEFAULT CHARSET=utf8 COLLATE=utf8_unicode_ci;

INSERT INTO `numbers` (`id`, `name`, `bed`, `description`, `seats_in_the_room`, `cost`) VALUES (1, 'Кровать в общем номере для женщин с 4 кроватями', '1 двухъярусная кровать', 'Кровать в общем звукоизолированном номере с отдельным входом и кондиционером.', 1, 0);
INSERT INTO `numbers` (`id`, `name`, `bed`, `description`, `seats_in_the_room`, `cost`) VALUES (2, 'Общий 4-местный номер для мужчин и женщин', '4 двухъярусные кровати', 'Спальное место в звукоизолированном общем номере с кондиционером и отдельным входом.', 4, 0);
INSERT INTO `numbers` (`id`, `name`, `bed`, `description`, `seats_in_the_room`, `cost`) VALUES (3, 'Спальное место на двухъярусной кровати в общем номере для мужчин и женщин', '1 двухъярусная кровать', 'Кровать в звукоизолированном общем номере с кондиционером и отдельным входом.', 1, 14);
INSERT INTO `numbers` (`id`, `name`, `bed`, `description`, `seats_in_the_room`, `cost`) VALUES (4, 'Одноместный номер с общим душем и туалетом', '1 односпальная кровать', 'Звукоизолированный одноместный номер с кондиционером и отдельным входом.', 1, 34148);
INSERT INTO `numbers` (`id`, `name`, `bed`, `description`, `seats_in_the_room`, `cost`) VALUES (5, 'Спальное место на двухъярусной кровати в общем номере для мужчин и женщин', '1 двухъярусная кровать', 'Кровать в звукоизолированном общем номере с кондиционером и отдельным входом.', 1, 1469628);
INSERT INTO `numbers` (`id`, `name`, `bed`, `description`, `seats_in_the_room`, `cost`) VALUES (6, 'Одноместный номер с общим душем и туалетом', '1 односпальная кровать', 'Размер номера  20 м?', 1, 0);
INSERT INTO `numbers` (`id`, `name`, `bed`, `description`, `seats_in_the_room`, `cost`) VALUES (7, 'Семейный номер', '1 диван-кровать', 'Размер номера  20 м?', 2, 227570);
INSERT INTO `numbers` (`id`, `name`, `bed`, `description`, `seats_in_the_room`, `cost`) VALUES (8, 'Семейный номер', '1 большая двуспальная кровать', 'Размер номера  23 м?', 2, 46638360);
INSERT INTO `numbers` (`id`, `name`, `bed`, `description`, `seats_in_the_room`, `cost`) VALUES (9, 'Спальное место на двухъярусной кровати в общем номере для мужчин и женщин', '1 двухъярусная кровать', 'Размер номера  10 м?', 1, 1698);
INSERT INTO `numbers` (`id`, `name`, `bed`, `description`, `seats_in_the_room`, `cost`) VALUES (10, 'Бюджетный одноместный номер ', '1 односпальная кровать', 'Размер номера  10 м?', 1, 619);
INSERT INTO `numbers` (`id`, `name`, `bed`, `description`, `seats_in_the_room`, `cost`) VALUES (11, 'Большой двухместный номер с 2 отдельными кроватями ', '2 односпальные кровати', 'Размер номера  15 м?', 2, 0);
INSERT INTO `numbers` (`id`, `name`, `bed`, `description`, `seats_in_the_room`, `cost`) VALUES (12, 'Кровать в общем 4-местном номере для мужчин и женщин ', '1 двухъярусная кровать', 'Размер номера  15 м?', 1, 6317);
INSERT INTO `numbers` (`id`, `name`, `bed`, `description`, `seats_in_the_room`, `cost`) VALUES (13, 'Люкс', '1 большая двуспальная кровать', 'Размер номера  40 м?', 2, 727116);
INSERT INTO `numbers` (`id`, `name`, `bed`, `description`, `seats_in_the_room`, `cost`) VALUES (14, 'Семейный номер "Комфорт" ', '2 большие двуспальные кровати', 'В числе удобств этого семейного номера — телевизор с плоским экраном и кондиционер.', 5, 48646907);
INSERT INTO `numbers` (`id`, `name`, `bed`, `description`, `seats_in_the_room`, `cost`) VALUES (15, 'Двухместный номер с 1 кроватью и душем ', '1 двуспальная кровать', 'Этот по-домашнему уютный номер с кондиционером оформлен в ярких тонах и оснащен телевизором с плоским экраном.', 2, 52);
INSERT INTO `numbers` (`id`, `name`, `bed`, `description`, `seats_in_the_room`, `cost`) VALUES (16, 'Кровать в общем 4-местном номере для мужчин и женщин ', '1 двухъярусная кровать', 'Размер номера  20 м?', 1, 9996663);
INSERT INTO `numbers` (`id`, `name`, `bed`, `description`, `seats_in_the_room`, `cost`) VALUES (17, 'Двухместный номер с 1 кроватью и балконом ', '1 двуспальная кровать', 'Двухместный номер с 1 кроватью, балконом, кондиционером и телевизором с плоским экраном.', 2, 399);
INSERT INTO `numbers` (`id`, `name`, `bed`, `description`, `seats_in_the_room`, `cost`) VALUES (18, 'Полулюкс Делюкс ', '1 большая двуспальная кровать ', 'Размер номера  30 м?', 2, 7768);
INSERT INTO `numbers` (`id`, `name`, `bed`, `description`, `seats_in_the_room`, `cost`) VALUES (19, 'Семейный номер Делюкс ', '1 большая двуспальная кровать', 'Размер номера  24 м?', 3, 144);
INSERT INTO `numbers` (`id`, `name`, `bed`, `description`, `seats_in_the_room`, `cost`) VALUES (20, 'Улучшенный двухместный номер с 1 кроватью ', '1 большая двуспальная кровать', 'Размер номера  25 м?', 2, 9575839);


#
# TABLE STRUCTURE FOR: public_profiles
#

DROP TABLE IF EXISTS `public_profiles`;

CREATE TABLE `public_profiles` (
  `user_id` int(10) unsigned NOT NULL,
  `alias` varchar(100) COLLATE utf8_unicode_ci NOT NULL,
  `birthday` date DEFAULT NULL,
  `city` varchar(100) COLLATE utf8_unicode_ci DEFAULT NULL,
  `country` varchar(100) COLLATE utf8_unicode_ci DEFAULT NULL,
  `language_id` int(10) unsigned NOT NULL,
  `currency_id` int(10) unsigned NOT NULL,
  PRIMARY KEY (`user_id`),
  UNIQUE KEY `alias` (`alias`)
) ENGINE=InnoDB DEFAULT CHARSET=utf8 COLLATE=utf8_unicode_ci;

INSERT INTO `public_profiles` (`user_id`, `alias`, `birthday`, `city`, `country`, `language_id`, `currency_id`) VALUES (1, 'hmvz', '2006-09-18', 'North Maeve', 'Hungary', 41, 1);
INSERT INTO `public_profiles` (`user_id`, `alias`, `birthday`, `city`, `country`, `language_id`, `currency_id`) VALUES (2, 'qksn', '1993-08-15', 'East Kelsie', 'Slovakia (Slovak Republic)', 42, 2);
INSERT INTO `public_profiles` (`user_id`, `alias`, `birthday`, `city`, `country`, `language_id`, `currency_id`) VALUES (3, 'howc', '2005-01-09', 'Alberthamouth', 'Myanmar', 43, 3);
INSERT INTO `public_profiles` (`user_id`, `alias`, `birthday`, `city`, `country`, `language_id`, `currency_id`) VALUES (4, 'vxgr', '2019-06-04', 'West Donatohaven', 'Saint Vincent and the Grenadines', 44, 4);
INSERT INTO `public_profiles` (`user_id`, `alias`, `birthday`, `city`, `country`, `language_id`, `currency_id`) VALUES (5, 'gwwm', '2008-06-05', 'Lake Christianmouth', 'Guatemala', 45, 5);
INSERT INTO `public_profiles` (`user_id`, `alias`, `birthday`, `city`, `country`, `language_id`, `currency_id`) VALUES (6, 'blos', '1987-09-06', 'Port Abnerfurt', 'Palestinian Territory', 46, 6);
INSERT INTO `public_profiles` (`user_id`, `alias`, `birthday`, `city`, `country`, `language_id`, `currency_id`) VALUES (7, 'nlcm', '1980-01-31', 'North Shaylee', 'Turks and Caicos Islands', 48, 7);
INSERT INTO `public_profiles` (`user_id`, `alias`, `birthday`, `city`, `country`, `language_id`, `currency_id`) VALUES (8, 'whjm', '1988-07-30', 'West Charley', 'Greece', 49, 8);
INSERT INTO `public_profiles` (`user_id`, `alias`, `birthday`, `city`, `country`, `language_id`, `currency_id`) VALUES (9, 'hipx', '2008-01-23', 'East Alexandrine', 'Moldova', 50, 9);
INSERT INTO `public_profiles` (`user_id`, `alias`, `birthday`, `city`, `country`, `language_id`, `currency_id`) VALUES (10, 'hkxj', '1973-04-03', 'Amayastad', 'Oman', 52, 10);
INSERT INTO `public_profiles` (`user_id`, `alias`, `birthday`, `city`, `country`, `language_id`, `currency_id`) VALUES (11, 'fzds', '1999-10-05', 'Torphyton', 'Kyrgyz Republic', 68, 11);
INSERT INTO `public_profiles` (`user_id`, `alias`, `birthday`, `city`, `country`, `language_id`, `currency_id`) VALUES (12, 'avkq', '1994-10-25', 'East Selina', 'Vietnam', 76, 12);
INSERT INTO `public_profiles` (`user_id`, `alias`, `birthday`, `city`, `country`, `language_id`, `currency_id`) VALUES (13, 'umxc', '1982-05-01', 'Nicolettechester', 'Puerto Rico', 41, 13);
INSERT INTO `public_profiles` (`user_id`, `alias`, `birthday`, `city`, `country`, `language_id`, `currency_id`) VALUES (14, 'tsms', '2008-04-21', 'North Madison', 'Gabon', 42, 14);
INSERT INTO `public_profiles` (`user_id`, `alias`, `birthday`, `city`, `country`, `language_id`, `currency_id`) VALUES (15, 'ouna', '1970-08-16', 'North Lilly', 'Tuvalu', 43, 15);
INSERT INTO `public_profiles` (`user_id`, `alias`, `birthday`, `city`, `country`, `language_id`, `currency_id`) VALUES (16, 'zefl', '1994-01-10', 'Keeblerville', 'British Indian Ocean Territory (Chagos Archipelago)', 44, 16);
INSERT INTO `public_profiles` (`user_id`, `alias`, `birthday`, `city`, `country`, `language_id`, `currency_id`) VALUES (17, 'hlkf', '1971-12-04', 'Lake Jessy', 'Sri Lanka', 45, 17);
INSERT INTO `public_profiles` (`user_id`, `alias`, `birthday`, `city`, `country`, `language_id`, `currency_id`) VALUES (18, 'yejv', '1996-11-05', 'New Daphneechester', 'Bhutan', 46, 18);
INSERT INTO `public_profiles` (`user_id`, `alias`, `birthday`, `city`, `country`, `language_id`, `currency_id`) VALUES (19, 'hydf', '2017-02-14', 'Port Emmalee', 'Cambodia', 48, 19);
INSERT INTO `public_profiles` (`user_id`, `alias`, `birthday`, `city`, `country`, `language_id`, `currency_id`) VALUES (20, 'yazy', '1992-09-17', 'Aryannaborough', 'Namibia', 49, 20);
INSERT INTO `public_profiles` (`user_id`, `alias`, `birthday`, `city`, `country`, `language_id`, `currency_id`) VALUES (21, 'yiax', '1975-09-07', 'North Toni', 'Tanzania', 50, 21);
INSERT INTO `public_profiles` (`user_id`, `alias`, `birthday`, `city`, `country`, `language_id`, `currency_id`) VALUES (22, 'rjot', '1971-07-09', 'Port Rafaela', 'Kiribati', 52, 22);
INSERT INTO `public_profiles` (`user_id`, `alias`, `birthday`, `city`, `country`, `language_id`, `currency_id`) VALUES (23, 'jloz', '2001-07-05', 'Helenhaven', 'Cocos (Keeling) Islands', 68, 23);
INSERT INTO `public_profiles` (`user_id`, `alias`, `birthday`, `city`, `country`, `language_id`, `currency_id`) VALUES (24, 'mmzx', '1997-07-27', 'East Ardenbury', 'Luxembourg', 76, 24);
INSERT INTO `public_profiles` (`user_id`, `alias`, `birthday`, `city`, `country`, `language_id`, `currency_id`) VALUES (25, 'gfsq', '1991-05-05', 'Hamillville', 'Saint Vincent and the Grenadines', 41, 25);
INSERT INTO `public_profiles` (`user_id`, `alias`, `birthday`, `city`, `country`, `language_id`, `currency_id`) VALUES (26, 'omjy', '2004-08-19', 'South Verlieview', 'South Africa', 42, 1);
INSERT INTO `public_profiles` (`user_id`, `alias`, `birthday`, `city`, `country`, `language_id`, `currency_id`) VALUES (27, 'mbcf', '2015-12-14', 'Port Beverlyton', 'Rwanda', 43, 2);
INSERT INTO `public_profiles` (`user_id`, `alias`, `birthday`, `city`, `country`, `language_id`, `currency_id`) VALUES (28, 'rcmx', '2008-07-17', 'Lake Simmouth', 'Colombia', 44, 3);
INSERT INTO `public_profiles` (`user_id`, `alias`, `birthday`, `city`, `country`, `language_id`, `currency_id`) VALUES (29, 'jnez', '2011-10-27', 'Bethanystad', 'Monaco', 45, 4);
INSERT INTO `public_profiles` (`user_id`, `alias`, `birthday`, `city`, `country`, `language_id`, `currency_id`) VALUES (30, 'kwny', '2016-11-04', 'Ethylport', 'Greece', 46, 5);
INSERT INTO `public_profiles` (`user_id`, `alias`, `birthday`, `city`, `country`, `language_id`, `currency_id`) VALUES (31, 'rcxf', '1982-02-03', 'Predovicbury', 'Mexico', 48, 6);
INSERT INTO `public_profiles` (`user_id`, `alias`, `birthday`, `city`, `country`, `language_id`, `currency_id`) VALUES (32, 'duiu', '1976-12-30', 'Deondretown', 'Denmark', 49, 7);
INSERT INTO `public_profiles` (`user_id`, `alias`, `birthday`, `city`, `country`, `language_id`, `currency_id`) VALUES (33, 'hmcy', '2006-10-13', 'Sengerfurt', 'Guyana', 50, 8);
INSERT INTO `public_profiles` (`user_id`, `alias`, `birthday`, `city`, `country`, `language_id`, `currency_id`) VALUES (34, 'kxjb', '1998-10-10', 'West Elizabeth', 'Poland', 52, 9);
INSERT INTO `public_profiles` (`user_id`, `alias`, `birthday`, `city`, `country`, `language_id`, `currency_id`) VALUES (35, 'wjyd', '1978-07-01', 'Malcolmmouth', 'Iraq', 68, 10);
INSERT INTO `public_profiles` (`user_id`, `alias`, `birthday`, `city`, `country`, `language_id`, `currency_id`) VALUES (36, 'fpaz', '1974-09-10', 'Leonorview', 'United States Minor Outlying Islands', 76, 11);
INSERT INTO `public_profiles` (`user_id`, `alias`, `birthday`, `city`, `country`, `language_id`, `currency_id`) VALUES (37, 'zsfk', '2019-06-06', 'Torpchester', 'Namibia', 41, 12);
INSERT INTO `public_profiles` (`user_id`, `alias`, `birthday`, `city`, `country`, `language_id`, `currency_id`) VALUES (38, 'dvlb', '2004-09-03', 'Wehnerton', 'Cape Verde', 42, 13);
INSERT INTO `public_profiles` (`user_id`, `alias`, `birthday`, `city`, `country`, `language_id`, `currency_id`) VALUES (39, 'thjs', '1973-11-08', 'Patriciaburgh', 'Senegal', 43, 14);
INSERT INTO `public_profiles` (`user_id`, `alias`, `birthday`, `city`, `country`, `language_id`, `currency_id`) VALUES (40, 'tbip', '2007-11-06', 'Garfieldhaven', 'Vietnam', 44, 15);
INSERT INTO `public_profiles` (`user_id`, `alias`, `birthday`, `city`, `country`, `language_id`, `currency_id`) VALUES (41, 'ruqm', '1980-12-21', 'Kodyfurt', 'Andorra', 45, 16);
INSERT INTO `public_profiles` (`user_id`, `alias`, `birthday`, `city`, `country`, `language_id`, `currency_id`) VALUES (42, 'yyuv', '2012-01-26', 'Bellborough', 'Guam', 46, 17);
INSERT INTO `public_profiles` (`user_id`, `alias`, `birthday`, `city`, `country`, `language_id`, `currency_id`) VALUES (43, 'hfnj', '2003-03-21', 'Armstrongfurt', 'Belarus', 48, 18);
INSERT INTO `public_profiles` (`user_id`, `alias`, `birthday`, `city`, `country`, `language_id`, `currency_id`) VALUES (44, 'shin', '1994-06-23', 'Johnsbury', 'Gibraltar', 49, 19);
INSERT INTO `public_profiles` (`user_id`, `alias`, `birthday`, `city`, `country`, `language_id`, `currency_id`) VALUES (45, 'nxlv', '1982-02-10', 'Kreigerview', 'Niger', 50, 20);
INSERT INTO `public_profiles` (`user_id`, `alias`, `birthday`, `city`, `country`, `language_id`, `currency_id`) VALUES (46, 'exiv', '2006-07-27', 'South Elisha', 'Kiribati', 52, 21);
INSERT INTO `public_profiles` (`user_id`, `alias`, `birthday`, `city`, `country`, `language_id`, `currency_id`) VALUES (47, 'gmhl', '2007-11-22', 'Velvachester', 'Mongolia', 68, 22);
INSERT INTO `public_profiles` (`user_id`, `alias`, `birthday`, `city`, `country`, `language_id`, `currency_id`) VALUES (48, 'hbfy', '2001-11-16', 'West Kenyon', 'Solomon Islands', 76, 23);
INSERT INTO `public_profiles` (`user_id`, `alias`, `birthday`, `city`, `country`, `language_id`, `currency_id`) VALUES (49, 'ceob', '1994-04-03', 'Port Keanu', 'Sri Lanka', 41, 24);
INSERT INTO `public_profiles` (`user_id`, `alias`, `birthday`, `city`, `country`, `language_id`, `currency_id`) VALUES (50, 'hmlq', '1991-02-07', 'Domenickside', 'Botswana', 42, 25);
INSERT INTO `public_profiles` (`user_id`, `alias`, `birthday`, `city`, `country`, `language_id`, `currency_id`) VALUES (51, 'mpva', '2006-06-05', 'New Cindy', 'Indonesia', 43, 1);
INSERT INTO `public_profiles` (`user_id`, `alias`, `birthday`, `city`, `country`, `language_id`, `currency_id`) VALUES (52, 'wywk', '2001-10-06', 'Benjaminport', 'Luxembourg', 44, 2);
INSERT INTO `public_profiles` (`user_id`, `alias`, `birthday`, `city`, `country`, `language_id`, `currency_id`) VALUES (53, 'rqkk', '2011-01-08', 'Reillyview', 'Saint Helena', 45, 3);
INSERT INTO `public_profiles` (`user_id`, `alias`, `birthday`, `city`, `country`, `language_id`, `currency_id`) VALUES (54, 'ufks', '1980-09-26', 'Lake Joannebury', 'Cyprus', 46, 4);
INSERT INTO `public_profiles` (`user_id`, `alias`, `birthday`, `city`, `country`, `language_id`, `currency_id`) VALUES (55, 'pypz', '2000-07-16', 'East Arlenefurt', 'Burkina Faso', 48, 5);
INSERT INTO `public_profiles` (`user_id`, `alias`, `birthday`, `city`, `country`, `language_id`, `currency_id`) VALUES (56, 'ngot', '1971-08-27', 'Port Elmiratown', 'Brunei Darussalam', 49, 6);
INSERT INTO `public_profiles` (`user_id`, `alias`, `birthday`, `city`, `country`, `language_id`, `currency_id`) VALUES (57, 'dfux', '1981-06-17', 'Lake Robb', 'Dominican Republic', 50, 7);
INSERT INTO `public_profiles` (`user_id`, `alias`, `birthday`, `city`, `country`, `language_id`, `currency_id`) VALUES (58, 'egmj', '1971-11-17', 'South Isobel', 'Tanzania', 52, 8);
INSERT INTO `public_profiles` (`user_id`, `alias`, `birthday`, `city`, `country`, `language_id`, `currency_id`) VALUES (59, 'feri', '2005-10-18', 'New Cheyanne', 'Indonesia', 68, 9);
INSERT INTO `public_profiles` (`user_id`, `alias`, `birthday`, `city`, `country`, `language_id`, `currency_id`) VALUES (60, 'nwaj', '2000-10-04', 'West Avachester', 'Senegal', 76, 10);
INSERT INTO `public_profiles` (`user_id`, `alias`, `birthday`, `city`, `country`, `language_id`, `currency_id`) VALUES (61, 'qrec', '1994-04-11', 'West Danial', 'Haiti', 41, 11);
INSERT INTO `public_profiles` (`user_id`, `alias`, `birthday`, `city`, `country`, `language_id`, `currency_id`) VALUES (62, 'nvgs', '1972-11-13', 'East Omariport', 'Seychelles', 42, 12);
INSERT INTO `public_profiles` (`user_id`, `alias`, `birthday`, `city`, `country`, `language_id`, `currency_id`) VALUES (63, 'fymj', '2008-03-01', 'Leonfort', 'Cook Islands', 43, 13);
INSERT INTO `public_profiles` (`user_id`, `alias`, `birthday`, `city`, `country`, `language_id`, `currency_id`) VALUES (64, 'gujb', '1972-10-24', 'South Chayamouth', 'South Africa', 44, 14);
INSERT INTO `public_profiles` (`user_id`, `alias`, `birthday`, `city`, `country`, `language_id`, `currency_id`) VALUES (65, 'pzwb', '2003-01-27', 'Olsonview', 'Barbados', 45, 15);
INSERT INTO `public_profiles` (`user_id`, `alias`, `birthday`, `city`, `country`, `language_id`, `currency_id`) VALUES (66, 'oilb', '2007-01-12', 'East Mckennaland', 'Barbados', 46, 16);
INSERT INTO `public_profiles` (`user_id`, `alias`, `birthday`, `city`, `country`, `language_id`, `currency_id`) VALUES (67, 'ajpp', '1994-08-13', 'Nyahton', 'Canada', 48, 17);
INSERT INTO `public_profiles` (`user_id`, `alias`, `birthday`, `city`, `country`, `language_id`, `currency_id`) VALUES (68, 'nzmg', '1994-11-25', 'East Amir', 'British Virgin Islands', 49, 18);
INSERT INTO `public_profiles` (`user_id`, `alias`, `birthday`, `city`, `country`, `language_id`, `currency_id`) VALUES (69, 'rvni', '2009-06-07', 'Lake Adolfo', 'Montserrat', 50, 19);
INSERT INTO `public_profiles` (`user_id`, `alias`, `birthday`, `city`, `country`, `language_id`, `currency_id`) VALUES (70, 'eplw', '1996-11-12', 'West Annamarie', 'Moldova', 52, 20);
INSERT INTO `public_profiles` (`user_id`, `alias`, `birthday`, `city`, `country`, `language_id`, `currency_id`) VALUES (71, 'tfrm', '1995-06-18', 'Hartmannton', 'Benin', 68, 21);
INSERT INTO `public_profiles` (`user_id`, `alias`, `birthday`, `city`, `country`, `language_id`, `currency_id`) VALUES (72, 'vsyv', '2018-12-21', 'North Hannahhaven', 'Turkey', 76, 22);
INSERT INTO `public_profiles` (`user_id`, `alias`, `birthday`, `city`, `country`, `language_id`, `currency_id`) VALUES (73, 'uxre', '2018-10-22', 'East Eula', 'Luxembourg', 41, 23);
INSERT INTO `public_profiles` (`user_id`, `alias`, `birthday`, `city`, `country`, `language_id`, `currency_id`) VALUES (74, 'enug', '1992-11-15', 'Zulaufmouth', 'Azerbaijan', 42, 24);
INSERT INTO `public_profiles` (`user_id`, `alias`, `birthday`, `city`, `country`, `language_id`, `currency_id`) VALUES (75, 'mvxk', '2014-04-08', 'Leuschkeshire', 'Isle of Man', 43, 25);
INSERT INTO `public_profiles` (`user_id`, `alias`, `birthday`, `city`, `country`, `language_id`, `currency_id`) VALUES (76, 'vrww', '2011-01-03', 'New Joesphhaven', 'Qatar', 44, 1);
INSERT INTO `public_profiles` (`user_id`, `alias`, `birthday`, `city`, `country`, `language_id`, `currency_id`) VALUES (77, 'lcbp', '2015-06-24', 'South Fabiolaton', 'Jersey', 45, 2);
INSERT INTO `public_profiles` (`user_id`, `alias`, `birthday`, `city`, `country`, `language_id`, `currency_id`) VALUES (78, 'wcjy', '1985-12-04', 'North Russ', 'Lao Peoples Democratic Republic', 46, 3);
INSERT INTO `public_profiles` (`user_id`, `alias`, `birthday`, `city`, `country`, `language_id`, `currency_id`) VALUES (79, 'xfye', '2003-03-19', 'McDermottville', 'Iceland', 48, 4);
INSERT INTO `public_profiles` (`user_id`, `alias`, `birthday`, `city`, `country`, `language_id`, `currency_id`) VALUES (80, 'jsbb', '1995-01-15', 'South Janaberg', 'Sweden', 49, 5);
INSERT INTO `public_profiles` (`user_id`, `alias`, `birthday`, `city`, `country`, `language_id`, `currency_id`) VALUES (81, 'asfh', '2001-02-12', 'Lake Ardithbury', 'Switzerland', 50, 6);
INSERT INTO `public_profiles` (`user_id`, `alias`, `birthday`, `city`, `country`, `language_id`, `currency_id`) VALUES (82, 'fqlk', '1982-11-20', 'South Grace', 'Pitcairn Islands', 52, 7);
INSERT INTO `public_profiles` (`user_id`, `alias`, `birthday`, `city`, `country`, `language_id`, `currency_id`) VALUES (83, 'qqxv', '2006-11-23', 'New Estrellachester', 'Seychelles', 68, 8);
INSERT INTO `public_profiles` (`user_id`, `alias`, `birthday`, `city`, `country`, `language_id`, `currency_id`) VALUES (84, 'ydxo', '2015-02-12', 'Rippintown', 'Austria', 76, 9);
INSERT INTO `public_profiles` (`user_id`, `alias`, `birthday`, `city`, `country`, `language_id`, `currency_id`) VALUES (85, 'zhct', '2016-07-01', 'Fernandofurt', 'Liberia', 41, 10);
INSERT INTO `public_profiles` (`user_id`, `alias`, `birthday`, `city`, `country`, `language_id`, `currency_id`) VALUES (86, 'pbbf', '2017-04-10', 'Schoenland', 'Fiji', 42, 11);
INSERT INTO `public_profiles` (`user_id`, `alias`, `birthday`, `city`, `country`, `language_id`, `currency_id`) VALUES (87, 'kcus', '2020-02-12', 'Winonahaven', 'Italy', 43, 12);
INSERT INTO `public_profiles` (`user_id`, `alias`, `birthday`, `city`, `country`, `language_id`, `currency_id`) VALUES (88, 'egqi', '2001-12-31', 'New Ryann', 'Bangladesh', 44, 13);
INSERT INTO `public_profiles` (`user_id`, `alias`, `birthday`, `city`, `country`, `language_id`, `currency_id`) VALUES (89, 'fbbh', '1988-10-29', 'Ardellaville', 'Kazakhstan', 45, 14);
INSERT INTO `public_profiles` (`user_id`, `alias`, `birthday`, `city`, `country`, `language_id`, `currency_id`) VALUES (90, 'zcho', '2011-06-08', 'Reynoldsfurt', 'Gambia', 46, 15);
INSERT INTO `public_profiles` (`user_id`, `alias`, `birthday`, `city`, `country`, `language_id`, `currency_id`) VALUES (91, 'whcd', '1980-11-04', 'Vilmaton', 'Saint Martin', 48, 16);
INSERT INTO `public_profiles` (`user_id`, `alias`, `birthday`, `city`, `country`, `language_id`, `currency_id`) VALUES (92, 'jabo', '1992-04-19', 'South Camylle', 'Palestinian Territory', 49, 17);
INSERT INTO `public_profiles` (`user_id`, `alias`, `birthday`, `city`, `country`, `language_id`, `currency_id`) VALUES (93, 'uvxz', '1975-10-07', 'East Verona', 'Myanmar', 50, 18);
INSERT INTO `public_profiles` (`user_id`, `alias`, `birthday`, `city`, `country`, `language_id`, `currency_id`) VALUES (94, 'leuy', '1993-03-03', 'Millerburgh', 'Mongolia', 52, 19);
INSERT INTO `public_profiles` (`user_id`, `alias`, `birthday`, `city`, `country`, `language_id`, `currency_id`) VALUES (95, 'okxf', '2000-05-31', 'Johnstonport', 'Ireland', 68, 20);
INSERT INTO `public_profiles` (`user_id`, `alias`, `birthday`, `city`, `country`, `language_id`, `currency_id`) VALUES (96, 'ntub', '1986-03-23', 'Colemanhaven', 'Benin', 76, 21);
INSERT INTO `public_profiles` (`user_id`, `alias`, `birthday`, `city`, `country`, `language_id`, `currency_id`) VALUES (97, 'hbhk', '1976-01-21', 'North Blaze', 'Saint Martin', 41, 22);
INSERT INTO `public_profiles` (`user_id`, `alias`, `birthday`, `city`, `country`, `language_id`, `currency_id`) VALUES (98, 'ygrx', '2019-02-20', 'Port Joaniefurt', 'Guinea', 42, 23);
INSERT INTO `public_profiles` (`user_id`, `alias`, `birthday`, `city`, `country`, `language_id`, `currency_id`) VALUES (99, 'chea', '2007-06-21', 'South Myrticefurt', 'Guadeloupe', 43, 24);
INSERT INTO `public_profiles` (`user_id`, `alias`, `birthday`, `city`, `country`, `language_id`, `currency_id`) VALUES (100, 'zcyw', '2003-07-20', 'Jayceeborough', 'Reunion', 44, 25);
INSERT INTO `public_profiles` (`user_id`, `alias`, `birthday`, `city`, `country`, `language_id`, `currency_id`) VALUES (101, 'fxry', '1985-11-07', 'Port Kobe', 'Palau', 45, 1);
INSERT INTO `public_profiles` (`user_id`, `alias`, `birthday`, `city`, `country`, `language_id`, `currency_id`) VALUES (102, 'wgcd', '2012-11-01', 'North Cristina', 'Hong Kong', 46, 2);
INSERT INTO `public_profiles` (`user_id`, `alias`, `birthday`, `city`, `country`, `language_id`, `currency_id`) VALUES (103, 'ljvx', '1994-06-15', 'Judeborough', 'Netherlands', 48, 3);
INSERT INTO `public_profiles` (`user_id`, `alias`, `birthday`, `city`, `country`, `language_id`, `currency_id`) VALUES (104, 'mrxe', '2004-09-18', 'Emilychester', 'Equatorial Guinea', 49, 4);
INSERT INTO `public_profiles` (`user_id`, `alias`, `birthday`, `city`, `country`, `language_id`, `currency_id`) VALUES (105, 'qkxs', '1980-10-10', 'Port Rosendoton', 'Reunion', 50, 5);
INSERT INTO `public_profiles` (`user_id`, `alias`, `birthday`, `city`, `country`, `language_id`, `currency_id`) VALUES (106, 'dxwx', '1986-06-18', 'Port Teagan', 'Djibouti', 52, 6);
INSERT INTO `public_profiles` (`user_id`, `alias`, `birthday`, `city`, `country`, `language_id`, `currency_id`) VALUES (107, 'ppcd', '2011-05-24', 'Gertrudeville', 'Philippines', 68, 7);
INSERT INTO `public_profiles` (`user_id`, `alias`, `birthday`, `city`, `country`, `language_id`, `currency_id`) VALUES (108, 'mllq', '1977-03-21', 'Gerdamouth', 'Singapore', 76, 8);
INSERT INTO `public_profiles` (`user_id`, `alias`, `birthday`, `city`, `country`, `language_id`, `currency_id`) VALUES (109, 'cnlz', '2000-06-17', 'Port Mark', 'Ghana', 41, 9);
INSERT INTO `public_profiles` (`user_id`, `alias`, `birthday`, `city`, `country`, `language_id`, `currency_id`) VALUES (110, 'yofv', '2012-01-04', 'New Melissastad', 'Montserrat', 42, 10);
INSERT INTO `public_profiles` (`user_id`, `alias`, `birthday`, `city`, `country`, `language_id`, `currency_id`) VALUES (111, 'slzj', '1994-09-15', 'West Yolandaland', 'Greenland', 43, 11);
INSERT INTO `public_profiles` (`user_id`, `alias`, `birthday`, `city`, `country`, `language_id`, `currency_id`) VALUES (112, 'fvma', '2016-02-21', 'New Adriannafort', 'British Virgin Islands', 44, 12);
INSERT INTO `public_profiles` (`user_id`, `alias`, `birthday`, `city`, `country`, `language_id`, `currency_id`) VALUES (113, 'mhjb', '1984-08-21', 'Ariannahaven', 'Turkmenistan', 45, 13);
INSERT INTO `public_profiles` (`user_id`, `alias`, `birthday`, `city`, `country`, `language_id`, `currency_id`) VALUES (114, 'wbjm', '1971-08-09', 'West Dennis', 'Lesotho', 46, 14);
INSERT INTO `public_profiles` (`user_id`, `alias`, `birthday`, `city`, `country`, `language_id`, `currency_id`) VALUES (115, 'biql', '1994-02-16', 'Mabellefurt', 'Saint Pierre and Miquelon', 48, 15);
INSERT INTO `public_profiles` (`user_id`, `alias`, `birthday`, `city`, `country`, `language_id`, `currency_id`) VALUES (116, 'nmvz', '1992-08-14', 'Bayermouth', 'Georgia', 49, 16);
INSERT INTO `public_profiles` (`user_id`, `alias`, `birthday`, `city`, `country`, `language_id`, `currency_id`) VALUES (117, 'cfrr', '1994-07-01', 'New Bridgette', 'Montenegro', 50, 17);
INSERT INTO `public_profiles` (`user_id`, `alias`, `birthday`, `city`, `country`, `language_id`, `currency_id`) VALUES (118, 'kugn', '1970-02-25', 'Port Davion', 'Jamaica', 52, 18);
INSERT INTO `public_profiles` (`user_id`, `alias`, `birthday`, `city`, `country`, `language_id`, `currency_id`) VALUES (119, 'wsos', '1989-08-14', 'Simeonview', 'Panama', 68, 19);
INSERT INTO `public_profiles` (`user_id`, `alias`, `birthday`, `city`, `country`, `language_id`, `currency_id`) VALUES (120, 'negr', '2014-07-10', 'Hoegerland', 'United States Minor Outlying Islands', 76, 20);
INSERT INTO `public_profiles` (`user_id`, `alias`, `birthday`, `city`, `country`, `language_id`, `currency_id`) VALUES (121, 'ewkc', '1972-05-15', 'North Ledafort', 'Chile', 41, 21);
INSERT INTO `public_profiles` (`user_id`, `alias`, `birthday`, `city`, `country`, `language_id`, `currency_id`) VALUES (122, 'ozns', '1984-06-04', 'East Jayceestad', 'Antigua and Barbuda', 42, 22);
INSERT INTO `public_profiles` (`user_id`, `alias`, `birthday`, `city`, `country`, `language_id`, `currency_id`) VALUES (123, 'vsyc', '1989-09-16', 'Shanyside', 'Turkey', 43, 23);
INSERT INTO `public_profiles` (`user_id`, `alias`, `birthday`, `city`, `country`, `language_id`, `currency_id`) VALUES (124, 'trba', '1973-05-06', 'Nitzschebury', 'Maldives', 44, 24);
INSERT INTO `public_profiles` (`user_id`, `alias`, `birthday`, `city`, `country`, `language_id`, `currency_id`) VALUES (125, 'fvmm', '2014-04-21', 'Bogisichburgh', 'French Southern Territories', 45, 25);
INSERT INTO `public_profiles` (`user_id`, `alias`, `birthday`, `city`, `country`, `language_id`, `currency_id`) VALUES (126, 'cpjn', '2015-03-08', 'New Lindsayland', 'Tanzania', 46, 1);
INSERT INTO `public_profiles` (`user_id`, `alias`, `birthday`, `city`, `country`, `language_id`, `currency_id`) VALUES (127, 'wvxt', '2005-05-08', 'Angeloville', 'Congo', 48, 2);
INSERT INTO `public_profiles` (`user_id`, `alias`, `birthday`, `city`, `country`, `language_id`, `currency_id`) VALUES (128, 'uahz', '1997-07-01', 'Carmentown', 'Antarctica (the territory South of 60 deg S)', 49, 3);
INSERT INTO `public_profiles` (`user_id`, `alias`, `birthday`, `city`, `country`, `language_id`, `currency_id`) VALUES (129, 'czew', '1983-06-29', 'Gleasonberg', 'Oman', 50, 4);
INSERT INTO `public_profiles` (`user_id`, `alias`, `birthday`, `city`, `country`, `language_id`, `currency_id`) VALUES (130, 'cnbx', '2005-02-28', 'Theresafurt', 'Argentina', 52, 5);
INSERT INTO `public_profiles` (`user_id`, `alias`, `birthday`, `city`, `country`, `language_id`, `currency_id`) VALUES (131, 'qsfo', '1972-04-21', 'Torphyville', 'Cape Verde', 68, 6);
INSERT INTO `public_profiles` (`user_id`, `alias`, `birthday`, `city`, `country`, `language_id`, `currency_id`) VALUES (132, 'yhdt', '1979-10-12', 'East Filomenaburgh', 'Sudan', 76, 7);
INSERT INTO `public_profiles` (`user_id`, `alias`, `birthday`, `city`, `country`, `language_id`, `currency_id`) VALUES (133, 'inlx', '1971-07-22', 'West Coralie', 'Central African Republic', 41, 8);
INSERT INTO `public_profiles` (`user_id`, `alias`, `birthday`, `city`, `country`, `language_id`, `currency_id`) VALUES (134, 'sjwu', '1993-06-04', 'Lake Devanmouth', 'Togo', 42, 9);
INSERT INTO `public_profiles` (`user_id`, `alias`, `birthday`, `city`, `country`, `language_id`, `currency_id`) VALUES (135, 'sxyr', '2013-10-25', 'Duaneside', 'Comoros', 43, 10);
INSERT INTO `public_profiles` (`user_id`, `alias`, `birthday`, `city`, `country`, `language_id`, `currency_id`) VALUES (136, 'ndzu', '1993-09-13', 'Sabinabury', 'Reunion', 44, 11);
INSERT INTO `public_profiles` (`user_id`, `alias`, `birthday`, `city`, `country`, `language_id`, `currency_id`) VALUES (137, 'rexf', '1971-10-23', 'Port Bette', 'Turkmenistan', 45, 12);
INSERT INTO `public_profiles` (`user_id`, `alias`, `birthday`, `city`, `country`, `language_id`, `currency_id`) VALUES (138, 'ydjx', '2013-11-30', 'Port Kenyon', 'Svalbard & Jan Mayen Islands', 46, 13);
INSERT INTO `public_profiles` (`user_id`, `alias`, `birthday`, `city`, `country`, `language_id`, `currency_id`) VALUES (139, 'zlxm', '1975-04-09', 'Dickihaven', 'Nepal', 48, 14);
INSERT INTO `public_profiles` (`user_id`, `alias`, `birthday`, `city`, `country`, `language_id`, `currency_id`) VALUES (140, 'ntnn', '1970-09-27', 'Lake Novaberg', 'Guyana', 49, 15);
INSERT INTO `public_profiles` (`user_id`, `alias`, `birthday`, `city`, `country`, `language_id`, `currency_id`) VALUES (141, 'cpwe', '1973-06-29', 'Marlenville', 'Bangladesh', 50, 16);
INSERT INTO `public_profiles` (`user_id`, `alias`, `birthday`, `city`, `country`, `language_id`, `currency_id`) VALUES (142, 'rvgt', '2017-12-03', 'Dejachester', 'Colombia', 52, 17);
INSERT INTO `public_profiles` (`user_id`, `alias`, `birthday`, `city`, `country`, `language_id`, `currency_id`) VALUES (143, 'wfnm', '2008-03-10', 'South Eunice', 'Brazil', 68, 18);
INSERT INTO `public_profiles` (`user_id`, `alias`, `birthday`, `city`, `country`, `language_id`, `currency_id`) VALUES (144, 'arno', '1982-02-12', 'North Herminia', 'Northern Mariana Islands', 76, 19);
INSERT INTO `public_profiles` (`user_id`, `alias`, `birthday`, `city`, `country`, `language_id`, `currency_id`) VALUES (145, 'lont', '2005-11-22', 'New Emanuelbury', 'Cook Islands', 41, 20);
INSERT INTO `public_profiles` (`user_id`, `alias`, `birthday`, `city`, `country`, `language_id`, `currency_id`) VALUES (146, 'zgpg', '1986-09-23', 'Gonzaloshire', 'Kazakhstan', 42, 21);
INSERT INTO `public_profiles` (`user_id`, `alias`, `birthday`, `city`, `country`, `language_id`, `currency_id`) VALUES (147, 'pmwf', '1970-11-17', 'Wardborough', 'Zimbabwe', 43, 22);
INSERT INTO `public_profiles` (`user_id`, `alias`, `birthday`, `city`, `country`, `language_id`, `currency_id`) VALUES (148, 'mcxb', '2012-03-13', 'West Monica', 'Korea', 44, 23);
INSERT INTO `public_profiles` (`user_id`, `alias`, `birthday`, `city`, `country`, `language_id`, `currency_id`) VALUES (149, 'lwgr', '2019-02-15', 'Treutelport', 'Tunisia', 45, 24);
INSERT INTO `public_profiles` (`user_id`, `alias`, `birthday`, `city`, `country`, `language_id`, `currency_id`) VALUES (150, 'cxhz', '2018-11-30', 'Kutchburgh', 'Austria', 46, 25);


#
# TABLE STRUCTURE FOR: reviews
#

DROP TABLE IF EXISTS `reviews`;

CREATE TABLE `reviews` (
  `user_id` int(10) unsigned NOT NULL,
  `hotel_id` int(10) unsigned NOT NULL,
  `arrival_date` date DEFAULT NULL,
  `departure_date` date DEFAULT NULL,
  `rating` float unsigned NOT NULL,
  `reviews` text COLLATE utf8_unicode_ci NOT NULL,
  `created_at` datetime DEFAULT current_timestamp(),
  PRIMARY KEY (`user_id`,`hotel_id`)
) ENGINE=InnoDB DEFAULT CHARSET=utf8 COLLATE=utf8_unicode_ci;

INSERT INTO `reviews` (`user_id`, `hotel_id`, `arrival_date`, `departure_date`, `rating`, `reviews`, `created_at`) VALUES (1, 15, '2016-04-16', '1991-10-05', '225302', 'Corrupti eum a nihil quaerat. Delectus necessitatibus sint veritatis quod itaque aut. Consequuntur aut et voluptas delectus.', '1970-06-06 04:51:21');
INSERT INTO `reviews` (`user_id`, `hotel_id`, `arrival_date`, `departure_date`, `rating`, `reviews`, `created_at`) VALUES (2, 33, '1973-03-02', '1984-09-07', '28325900', 'Tenetur maiores doloribus ea perspiciatis rerum. Rerum molestiae et animi et. Odit qui neque reprehenderit nam. Eum natus ea magni natus.\nDicta fugit suscipit illo sint. At sunt odio ut.', '2019-12-17 22:24:00');
INSERT INTO `reviews` (`user_id`, `hotel_id`, `arrival_date`, `departure_date`, `rating`, `reviews`, `created_at`) VALUES (3, 7, '1983-07-05', '1979-12-26', '27099400', 'Praesentium reprehenderit molestiae illo nisi. Voluptatum ut autem repudiandae. Et deleniti voluptatum ab consequatur et.\nSint et aut temporibus sed dolores quos est. Et sed voluptatem nemo.', '1970-10-15 23:33:17');
INSERT INTO `reviews` (`user_id`, `hotel_id`, `arrival_date`, `departure_date`, `rating`, `reviews`, `created_at`) VALUES (4, 26, '2000-03-04', '2020-04-02', '23.2558', 'Laboriosam sunt qui facilis maiores. Quia in nostrum quasi illo est consectetur. Distinctio magni deserunt consequatur ipsum consequatur voluptatem id.', '1994-04-08 17:48:07');
INSERT INTO `reviews` (`user_id`, `hotel_id`, `arrival_date`, `departure_date`, `rating`, `reviews`, `created_at`) VALUES (5, 8, '1977-10-14', '1981-01-31', '321974', 'Vitae et nam nihil corrupti. Voluptas mollitia enim ut incidunt illum optio ipsum.', '1976-08-12 17:47:55');
INSERT INTO `reviews` (`user_id`, `hotel_id`, `arrival_date`, `departure_date`, `rating`, `reviews`, `created_at`) VALUES (6, 22, '2007-04-24', '2018-01-23', '32097100', 'Ducimus id saepe et consectetur. Et rem reiciendis asperiores. Aut esse est dolor corporis. Delectus at delectus nisi quasi.', '1981-01-13 00:40:29');
INSERT INTO `reviews` (`user_id`, `hotel_id`, `arrival_date`, `departure_date`, `rating`, `reviews`, `created_at`) VALUES (7, 19, '1983-02-23', '2004-12-17', '5.9385', 'Dolores esse qui quibusdam placeat. Et et aut consequuntur officiis molestiae. Sed et quis totam omnis enim et et. Nihil minima enim et.', '1995-05-22 08:12:41');
INSERT INTO `reviews` (`user_id`, `hotel_id`, `arrival_date`, `departure_date`, `rating`, `reviews`, `created_at`) VALUES (8, 23, '1976-03-29', '2004-07-17', '0', 'Aut sint dolores quod rerum qui minima. Exercitationem occaecati non velit numquam aut. Iste corrupti quas ipsum dignissimos et earum animi assumenda. Ea totam rerum modi.', '1991-11-30 06:27:01');
INSERT INTO `reviews` (`user_id`, `hotel_id`, `arrival_date`, `departure_date`, `rating`, `reviews`, `created_at`) VALUES (9, 21, '2006-03-28', '1978-12-08', '5.2286', 'Excepturi nulla vel qui autem eum omnis est. Ut sit sint numquam perspiciatis officiis. Quia deserunt perspiciatis tempora excepturi. Ea temporibus harum doloribus dolor.', '1985-11-08 05:20:51');
INSERT INTO `reviews` (`user_id`, `hotel_id`, `arrival_date`, `departure_date`, `rating`, `reviews`, `created_at`) VALUES (10, 5, '1991-09-01', '1996-12-29', '278.727', 'Sint et unde alias voluptatem fugit a animi. Blanditiis delectus quisquam repudiandae corporis quia commodi consectetur. Quia et id reprehenderit.', '1997-03-18 12:12:43');
INSERT INTO `reviews` (`user_id`, `hotel_id`, `arrival_date`, `departure_date`, `rating`, `reviews`, `created_at`) VALUES (11, 35, '2008-08-09', '1995-03-23', '2416820', 'Molestiae sit ab et at voluptatibus ut et sequi. Soluta illo distinctio earum et. Labore vero quisquam id porro nemo ut.', '1988-01-18 21:21:37');
INSERT INTO `reviews` (`user_id`, `hotel_id`, `arrival_date`, `departure_date`, `rating`, `reviews`, `created_at`) VALUES (12, 13, '1974-06-23', '1986-09-19', '150.353', 'Quas ipsam atque consequatur ipsam hic consequatur et. Illum soluta fugit fuga maiores doloribus qui quia sint.', '1995-04-19 14:31:00');
INSERT INTO `reviews` (`user_id`, `hotel_id`, `arrival_date`, `departure_date`, `rating`, `reviews`, `created_at`) VALUES (13, 39, '1985-10-06', '2018-02-14', '1361.31', 'Consequatur perferendis recusandae sint suscipit sit soluta. Sequi omnis magnam ea aut minus sequi quis aliquam. Eveniet iste et porro.', '1974-07-24 11:41:46');
INSERT INTO `reviews` (`user_id`, `hotel_id`, `arrival_date`, `departure_date`, `rating`, `reviews`, `created_at`) VALUES (14, 28, '2002-03-22', '2011-02-21', '554473', 'Mollitia inventore repellat blanditiis quam dolores. Dolores nulla enim consectetur quos voluptatem. Aut illo voluptates eius necessitatibus.', '1990-06-12 16:19:47');
INSERT INTO `reviews` (`user_id`, `hotel_id`, `arrival_date`, `departure_date`, `rating`, `reviews`, `created_at`) VALUES (15, 23, '2003-12-15', '1988-06-26', '584.461', 'Facere tempore accusamus nostrum dignissimos magni temporibus ullam. Temporibus quia quisquam facere ut et enim. Nisi natus iste quam quia. Quasi nihil vero consequatur fuga non animi aut.', '1999-01-29 06:08:49');
INSERT INTO `reviews` (`user_id`, `hotel_id`, `arrival_date`, `departure_date`, `rating`, `reviews`, `created_at`) VALUES (16, 35, '2010-12-12', '2003-07-24', '34', 'Rem delectus tempora et accusamus. Quis velit qui iste illo illum quod consectetur fuga. Eos placeat magnam odio. Non fugit est dolorem expedita ut laboriosam temporibus.', '2007-12-24 02:25:15');
INSERT INTO `reviews` (`user_id`, `hotel_id`, `arrival_date`, `departure_date`, `rating`, `reviews`, `created_at`) VALUES (17, 25, '1972-07-01', '1970-12-03', '7799.55', 'Magnam assumenda delectus in corrupti odio. Beatae facilis nisi iste libero est et aut. Laudantium aperiam molestiae itaque facilis qui quaerat.', '2016-09-02 00:10:22');
INSERT INTO `reviews` (`user_id`, `hotel_id`, `arrival_date`, `departure_date`, `rating`, `reviews`, `created_at`) VALUES (18, 25, '1982-11-15', '1985-05-22', '848972000', 'Quisquam aut et eos atque voluptas. Iste omnis et ab rerum ut. Nulla aut voluptatem mollitia quam illum. Recusandae ratione earum magni sint.', '2004-04-01 19:19:08');
INSERT INTO `reviews` (`user_id`, `hotel_id`, `arrival_date`, `departure_date`, `rating`, `reviews`, `created_at`) VALUES (19, 22, '2015-09-07', '2002-05-18', '47.5535', 'Qui beatae nulla necessitatibus atque aut quam ratione. Ut recusandae exercitationem rem molestiae deserunt qui. Earum fugiat est id dolores qui dolor architecto.', '1971-06-11 04:29:12');
INSERT INTO `reviews` (`user_id`, `hotel_id`, `arrival_date`, `departure_date`, `rating`, `reviews`, `created_at`) VALUES (20, 33, '2008-08-04', '1984-06-12', '0', 'Praesentium est vitae delectus doloribus qui aut. Iste sunt et hic saepe. Totam id in quibusdam porro ea autem eum.', '1990-04-11 03:37:34');
INSERT INTO `reviews` (`user_id`, `hotel_id`, `arrival_date`, `departure_date`, `rating`, `reviews`, `created_at`) VALUES (21, 12, '1982-11-12', '1981-03-19', '18117100', 'Id molestias repellat iusto odit eligendi ab rerum explicabo. A ipsum culpa odit corrupti deserunt ut. Id temporibus et laborum.', '1973-01-23 10:21:49');
INSERT INTO `reviews` (`user_id`, `hotel_id`, `arrival_date`, `departure_date`, `rating`, `reviews`, `created_at`) VALUES (22, 14, '1979-05-10', '1974-10-16', '1', 'Adipisci corporis eius et tempora ut quibusdam. Omnis laudantium provident et consequuntur omnis impedit.', '2003-12-27 16:18:43');
INSERT INTO `reviews` (`user_id`, `hotel_id`, `arrival_date`, `departure_date`, `rating`, `reviews`, `created_at`) VALUES (23, 16, '1988-03-22', '1980-11-05', '82.8145', 'Ullam quia soluta ratione iure. Impedit omnis aliquam dolore aut molestias doloribus aut. Reprehenderit tempore quia dolorum labore cum aut officiis.', '1993-01-21 01:46:01');
INSERT INTO `reviews` (`user_id`, `hotel_id`, `arrival_date`, `departure_date`, `rating`, `reviews`, `created_at`) VALUES (24, 32, '1988-11-29', '1987-03-01', '399.2', 'Culpa consectetur sed in est maxime. In temporibus modi quibusdam tempora distinctio voluptatem atque inventore. Animi ea quia ut molestias quia.', '1993-10-01 03:59:52');
INSERT INTO `reviews` (`user_id`, `hotel_id`, `arrival_date`, `departure_date`, `rating`, `reviews`, `created_at`) VALUES (25, 37, '1996-12-11', '1989-11-29', '22275200', 'Et repellendus et eum eligendi animi natus veritatis. Ut laborum autem sit consectetur esse est. Repudiandae adipisci illo rerum voluptatum assumenda ut veritatis.', '1984-02-01 11:43:59');
INSERT INTO `reviews` (`user_id`, `hotel_id`, `arrival_date`, `departure_date`, `rating`, `reviews`, `created_at`) VALUES (26, 10, '1988-11-10', '2016-08-31', '6164430', 'In voluptas sit perspiciatis consequuntur. Soluta eaque fuga distinctio quia et in provident. Ratione provident enim sunt sit. Amet sit laborum occaecati. Minus incidunt quasi et neque sit.', '1977-02-21 12:00:22');
INSERT INTO `reviews` (`user_id`, `hotel_id`, `arrival_date`, `departure_date`, `rating`, `reviews`, `created_at`) VALUES (27, 5, '2007-09-14', '1991-08-09', '79818400', 'Rem beatae magnam eius fugiat tenetur ad ut. Porro laboriosam culpa deleniti aut fugit. Delectus ipsa qui non tenetur non.', '1997-03-20 11:15:01');
INSERT INTO `reviews` (`user_id`, `hotel_id`, `arrival_date`, `departure_date`, `rating`, `reviews`, `created_at`) VALUES (28, 26, '1985-11-02', '1993-07-24', '119.035', 'Qui soluta provident reiciendis veritatis. Nemo dolorem itaque laborum harum voluptas error. Fuga quibusdam mollitia consequatur tempora quos voluptate et similique.', '1990-05-16 11:19:22');
INSERT INTO `reviews` (`user_id`, `hotel_id`, `arrival_date`, `departure_date`, `rating`, `reviews`, `created_at`) VALUES (29, 37, '1984-10-01', '1980-10-01', '56143', 'Hic itaque velit nemo exercitationem. Quisquam perferendis officia amet quod. Sunt ex et quia at. Est est est qui.', '1989-01-13 19:50:09');
INSERT INTO `reviews` (`user_id`, `hotel_id`, `arrival_date`, `departure_date`, `rating`, `reviews`, `created_at`) VALUES (30, 4, '2004-04-24', '1983-04-20', '68.333', 'Voluptas aperiam possimus laborum. Vitae esse esse nobis architecto. Labore et sit maiores quia quo id sapiente dignissimos.', '1973-11-26 22:27:06');
INSERT INTO `reviews` (`user_id`, `hotel_id`, `arrival_date`, `departure_date`, `rating`, `reviews`, `created_at`) VALUES (31, 3, '2017-09-18', '2000-03-25', '28.8699', 'Placeat dolorum est voluptas modi nihil laborum distinctio consequatur. Quidem illum expedita tempora sit officiis quasi. Est ut ducimus et in culpa recusandae voluptate.', '2013-09-06 18:46:09');
INSERT INTO `reviews` (`user_id`, `hotel_id`, `arrival_date`, `departure_date`, `rating`, `reviews`, `created_at`) VALUES (32, 11, '1987-06-09', '1992-11-01', '16.823', 'Iusto ut dolor quo at rerum dicta et quo. Libero ducimus et deserunt excepturi. Dicta dolorum velit adipisci.', '1978-11-24 12:44:31');
INSERT INTO `reviews` (`user_id`, `hotel_id`, `arrival_date`, `departure_date`, `rating`, `reviews`, `created_at`) VALUES (33, 36, '2000-03-10', '1977-11-17', '384024', 'Numquam consequatur qui ut fuga qui. Eaque tempore officia laudantium autem sequi repudiandae.', '2007-10-29 09:20:01');
INSERT INTO `reviews` (`user_id`, `hotel_id`, `arrival_date`, `departure_date`, `rating`, `reviews`, `created_at`) VALUES (34, 9, '1991-10-18', '1971-07-14', '452108000', 'Nesciunt labore dolorum quis esse facilis. Quisquam sed sit ratione commodi reiciendis qui. Adipisci nesciunt ad aliquid sunt omnis omnis aut ut. Voluptatibus porro voluptatibus consequuntur error.', '1995-09-26 19:20:33');
INSERT INTO `reviews` (`user_id`, `hotel_id`, `arrival_date`, `departure_date`, `rating`, `reviews`, `created_at`) VALUES (35, 37, '2008-08-05', '2011-06-07', '15546.3', 'Eum repellat placeat tenetur aut sunt corporis. Repudiandae sit veritatis doloribus qui illo aut et. Saepe in est minus ut saepe neque nihil.', '2008-10-22 20:14:51');
INSERT INTO `reviews` (`user_id`, `hotel_id`, `arrival_date`, `departure_date`, `rating`, `reviews`, `created_at`) VALUES (36, 4, '1990-01-12', '1981-12-03', '0', 'Et ipsum doloremque quidem exercitationem sunt sed consequatur sed. Alias quos quaerat ut id omnis rerum accusantium.', '2002-04-25 04:37:41');
INSERT INTO `reviews` (`user_id`, `hotel_id`, `arrival_date`, `departure_date`, `rating`, `reviews`, `created_at`) VALUES (37, 30, '2010-12-26', '2017-12-26', '32328.9', 'Maxime similique consequatur dolore cum similique ut. Minus rerum ducimus ducimus nisi inventore inventore debitis. Dolor et veniam consectetur saepe tempore non.', '1996-10-14 01:55:57');
INSERT INTO `reviews` (`user_id`, `hotel_id`, `arrival_date`, `departure_date`, `rating`, `reviews`, `created_at`) VALUES (38, 15, '1992-11-30', '1992-10-05', '0', 'Ipsam assumenda itaque et eligendi similique sed. Saepe qui unde aut maxime. Nisi quas assumenda praesentium.', '1996-08-06 01:03:16');
INSERT INTO `reviews` (`user_id`, `hotel_id`, `arrival_date`, `departure_date`, `rating`, `reviews`, `created_at`) VALUES (39, 27, '1999-07-25', '2009-11-10', '9922.92', 'Rerum et rerum fuga facere. Minus enim voluptates sapiente eveniet quia culpa saepe. Cupiditate dolores mollitia commodi quis. Minus necessitatibus autem accusamus accusamus.', '1981-03-21 18:17:58');
INSERT INTO `reviews` (`user_id`, `hotel_id`, `arrival_date`, `departure_date`, `rating`, `reviews`, `created_at`) VALUES (40, 11, '2006-04-25', '1977-04-29', '226.244', 'Rerum dolorem nostrum nam laborum odio qui. Culpa quia molestiae explicabo veniam ut iste est.', '1981-02-09 11:01:40');
INSERT INTO `reviews` (`user_id`, `hotel_id`, `arrival_date`, `departure_date`, `rating`, `reviews`, `created_at`) VALUES (41, 20, '1979-09-05', '1972-02-02', '90687500', 'Qui dolore rerum libero commodi et tempora consequuntur. Quo consequatur praesentium est rem et tenetur. Molestias quia dolor dicta quos ut deleniti. Est sunt qui et laborum.', '1978-05-07 06:15:49');
INSERT INTO `reviews` (`user_id`, `hotel_id`, `arrival_date`, `departure_date`, `rating`, `reviews`, `created_at`) VALUES (42, 21, '2006-04-24', '1983-05-19', '1979750', 'Magnam tenetur deleniti officia minima reiciendis aut. At quia ipsam eaque itaque et iste illum in. Ut et aperiam et quia maxime. Similique sequi deleniti asperiores sint.', '1999-03-02 23:48:05');
INSERT INTO `reviews` (`user_id`, `hotel_id`, `arrival_date`, `departure_date`, `rating`, `reviews`, `created_at`) VALUES (43, 23, '2001-06-14', '1970-07-03', '0', 'Rerum aut ab ab nihil ipsum omnis asperiores. Eum sunt eveniet ut laboriosam quo. Dolorum ipsum asperiores neque eum est.', '2008-12-04 13:16:43');
INSERT INTO `reviews` (`user_id`, `hotel_id`, `arrival_date`, `departure_date`, `rating`, `reviews`, `created_at`) VALUES (44, 18, '1974-07-16', '2015-02-25', '2.7145', 'Et et eveniet nesciunt illum cupiditate possimus. Tempora dignissimos quia ea. Quaerat officiis quasi optio sit et et. Corrupti consequatur quae ipsa est blanditiis quo.', '1987-04-02 06:33:55');
INSERT INTO `reviews` (`user_id`, `hotel_id`, `arrival_date`, `departure_date`, `rating`, `reviews`, `created_at`) VALUES (45, 8, '1992-03-30', '2001-12-11', '791502', 'Dolore ab autem reprehenderit. Eos et id ut mollitia rerum et dolor. Inventore voluptatem consequatur nostrum quia ut laboriosam aut.', '1980-07-22 10:40:27');
INSERT INTO `reviews` (`user_id`, `hotel_id`, `arrival_date`, `departure_date`, `rating`, `reviews`, `created_at`) VALUES (46, 6, '2003-01-02', '1995-06-03', '6888.67', 'Aut voluptatem facere dolor quas numquam. Ipsam aperiam iure sed ex et et. Ut enim a odit optio. Et nihil quia ipsa deserunt dolorem. Eius eius alias ratione voluptatem aperiam.', '1970-10-15 06:30:13');
INSERT INTO `reviews` (`user_id`, `hotel_id`, `arrival_date`, `departure_date`, `rating`, `reviews`, `created_at`) VALUES (47, 13, '1987-12-20', '1998-08-02', '252667000', 'Qui odio quae quia rerum asperiores sit. Aut libero minima rerum quo quia. Voluptates id ratione sint eaque. Necessitatibus sit qui soluta excepturi et quia. Cumque reiciendis alias debitis sit quia.', '1996-02-19 15:50:57');
INSERT INTO `reviews` (`user_id`, `hotel_id`, `arrival_date`, `departure_date`, `rating`, `reviews`, `created_at`) VALUES (48, 32, '1987-12-21', '1995-12-23', '263110000', 'Nam quam fugiat necessitatibus qui sit alias. Aliquam est totam sit quaerat dolor veritatis. Magni qui ut dignissimos et libero porro. Maxime ea nam ipsam dolorum dolores corrupti.', '1975-01-18 16:50:54');
INSERT INTO `reviews` (`user_id`, `hotel_id`, `arrival_date`, `departure_date`, `rating`, `reviews`, `created_at`) VALUES (49, 30, '1984-04-28', '2003-12-10', '52081.1', 'Qui rerum quidem possimus laudantium explicabo magni omnis. Ut et consectetur dolores animi et ex sunt.', '2016-12-19 21:58:40');
INSERT INTO `reviews` (`user_id`, `hotel_id`, `arrival_date`, `departure_date`, `rating`, `reviews`, `created_at`) VALUES (50, 34, '2000-05-17', '1974-12-23', '3574.59', 'Qui autem deserunt eos ad aut dolores neque quia. Deleniti quo nulla cum et qui. Qui cumque et ducimus alias. Qui ipsa vero delectus minima autem fugit cumque.', '1989-03-09 20:19:07');
INSERT INTO `reviews` (`user_id`, `hotel_id`, `arrival_date`, `departure_date`, `rating`, `reviews`, `created_at`) VALUES (51, 25, '1995-05-28', '1983-02-09', '74066.2', 'Dolores aliquam ducimus qui ipsam. Autem eaque et tempore sapiente. Quo et praesentium expedita fugiat. Accusamus molestiae dignissimos minima velit quidem ipsa.', '2001-07-10 07:35:10');
INSERT INTO `reviews` (`user_id`, `hotel_id`, `arrival_date`, `departure_date`, `rating`, `reviews`, `created_at`) VALUES (52, 2, '2015-12-18', '2012-10-03', '9512970', 'Autem sunt quia maiores vero neque dolores maxime. Nulla dolore sunt dolorem at.\nProvident voluptate praesentium blanditiis. Ut cumque eos recusandae. A cupiditate in aut cumque sunt.', '1975-01-12 07:41:53');
INSERT INTO `reviews` (`user_id`, `hotel_id`, `arrival_date`, `departure_date`, `rating`, `reviews`, `created_at`) VALUES (53, 8, '2009-02-24', '1976-09-10', '3954.88', 'Tempora rerum necessitatibus ad sequi tempora deserunt perspiciatis. Aut id esse laborum reiciendis blanditiis autem tempore totam. Vel nemo sit debitis laborum.', '1994-02-19 08:10:56');
INSERT INTO `reviews` (`user_id`, `hotel_id`, `arrival_date`, `departure_date`, `rating`, `reviews`, `created_at`) VALUES (54, 40, '1983-01-15', '1987-12-11', '1038630', 'Suscipit labore accusantium voluptas vitae est eaque. Labore dolores quo ut dignissimos sit fugiat non. Ut unde et consequuntur sit est.', '1973-05-03 05:34:39');
INSERT INTO `reviews` (`user_id`, `hotel_id`, `arrival_date`, `departure_date`, `rating`, `reviews`, `created_at`) VALUES (55, 33, '2014-09-01', '1990-11-10', '2.5037', 'Placeat ut sunt non odio autem omnis ducimus. Pariatur consequatur iure fugiat autem est. Esse maiores fugit nihil pariatur. Qui eum quis quia voluptatem.', '1989-06-30 10:34:33');
INSERT INTO `reviews` (`user_id`, `hotel_id`, `arrival_date`, `departure_date`, `rating`, `reviews`, `created_at`) VALUES (56, 4, '1973-01-03', '1985-05-19', '6544.13', 'Quod cupiditate tenetur et aut. Et sit officia harum minus fuga atque. Quia voluptatibus sapiente quibusdam ducimus sunt.', '2007-01-23 01:45:05');
INSERT INTO `reviews` (`user_id`, `hotel_id`, `arrival_date`, `departure_date`, `rating`, `reviews`, `created_at`) VALUES (57, 10, '1974-06-20', '1985-10-12', '6.59', 'Aut eius natus rerum. Temporibus aut et aut enim voluptatem quo ipsam consectetur. Ipsa id distinctio nam consectetur minima corrupti amet.', '1980-10-22 16:46:11');
INSERT INTO `reviews` (`user_id`, `hotel_id`, `arrival_date`, `departure_date`, `rating`, `reviews`, `created_at`) VALUES (58, 37, '2019-03-03', '1994-02-23', '13.3', 'Corrupti ullam sit explicabo dolores qui consequatur. Exercitationem eos ex illo dolore. Molestiae beatae enim vitae aliquid sint sint qui.', '1976-06-12 17:11:55');
INSERT INTO `reviews` (`user_id`, `hotel_id`, `arrival_date`, `departure_date`, `rating`, `reviews`, `created_at`) VALUES (59, 30, '1995-04-13', '2017-09-24', '295.17', 'Enim nihil nostrum corporis quia quas. Iure eligendi quod totam optio quas ipsum. Amet et eaque ratione quod fugit ad.', '2017-04-17 18:50:54');
INSERT INTO `reviews` (`user_id`, `hotel_id`, `arrival_date`, `departure_date`, `rating`, `reviews`, `created_at`) VALUES (60, 6, '1979-06-17', '2004-11-19', '0', 'Dolore eaque earum exercitationem minus inventore accusantium voluptatum. Quis cumque quo ullam quia doloribus. Natus aspernatur blanditiis eum molestias consequatur.', '1998-07-29 16:45:40');
INSERT INTO `reviews` (`user_id`, `hotel_id`, `arrival_date`, `departure_date`, `rating`, `reviews`, `created_at`) VALUES (61, 1, '1986-09-02', '1973-06-04', '218851', 'Qui consequatur explicabo doloribus at numquam architecto. Sit ut rerum dolores corrupti unde natus. Sunt nemo quia veniam. Porro reprehenderit laborum rerum est sint quia iste beatae.', '2002-07-05 09:17:32');
INSERT INTO `reviews` (`user_id`, `hotel_id`, `arrival_date`, `departure_date`, `rating`, `reviews`, `created_at`) VALUES (62, 32, '2019-05-03', '2012-09-15', '6170.39', 'Molestias eum quasi mollitia blanditiis vel. Est cum est maiores eos vitae. Voluptas porro neque dolor quia. Illo dolores quae minima laborum. Et autem et quasi quae repellendus ipsam cum eveniet.', '2010-04-17 10:50:42');
INSERT INTO `reviews` (`user_id`, `hotel_id`, `arrival_date`, `departure_date`, `rating`, `reviews`, `created_at`) VALUES (63, 17, '1990-12-08', '1997-06-11', '305579', 'Neque voluptate ea ut. Quos illo dolor illo doloribus. Deleniti est alias delectus in.', '1973-11-26 02:35:14');
INSERT INTO `reviews` (`user_id`, `hotel_id`, `arrival_date`, `departure_date`, `rating`, `reviews`, `created_at`) VALUES (64, 37, '1976-04-17', '2008-02-29', '521.29', 'Non voluptatum qui soluta natus sint. Eum ad error qui rem explicabo quibusdam voluptas. Eum enim itaque aut reprehenderit aut vel. Ut aspernatur soluta molestiae placeat eum veniam.', '2001-01-27 12:39:04');
INSERT INTO `reviews` (`user_id`, `hotel_id`, `arrival_date`, `departure_date`, `rating`, `reviews`, `created_at`) VALUES (65, 40, '1974-10-13', '1991-12-09', '4701.49', 'Sed rem dolorum qui sapiente nam odit velit harum. Magni id doloribus rerum saepe quia. Repellat in doloremque harum veniam.', '1996-01-12 13:40:10');
INSERT INTO `reviews` (`user_id`, `hotel_id`, `arrival_date`, `departure_date`, `rating`, `reviews`, `created_at`) VALUES (66, 14, '1970-11-29', '2019-11-29', '55029.6', 'At adipisci voluptas saepe eligendi rerum. Qui doloremque laudantium voluptatem voluptatem in nihil maxime. Rerum voluptate nemo voluptatem recusandae. Atque et vel voluptatem eos autem quo odio qui.', '1980-11-19 09:54:10');
INSERT INTO `reviews` (`user_id`, `hotel_id`, `arrival_date`, `departure_date`, `rating`, `reviews`, `created_at`) VALUES (67, 40, '1976-09-28', '2010-02-15', '0', 'Earum quam aperiam voluptatem dignissimos ut libero nihil. Facere dolor dicta veniam ab adipisci repellat est. Quibusdam nisi labore velit harum harum dolorem dolor dolore.', '1977-07-11 04:48:26');
INSERT INTO `reviews` (`user_id`, `hotel_id`, `arrival_date`, `departure_date`, `rating`, `reviews`, `created_at`) VALUES (68, 30, '1998-11-28', '2014-05-04', '40.8294', 'Totam quia aut pariatur qui perferendis. Ipsum ducimus magni sequi ut aperiam culpa. Vel aliquam saepe et. Libero qui debitis qui repellat dolorem.', '1995-09-18 04:11:07');
INSERT INTO `reviews` (`user_id`, `hotel_id`, `arrival_date`, `departure_date`, `rating`, `reviews`, `created_at`) VALUES (69, 29, '2004-10-17', '1991-02-09', '34526700', 'Dolorum omnis mollitia non deserunt repellat. Enim quo et non tempora consequatur. Exercitationem voluptatibus ut culpa commodi et asperiores corrupti.', '1970-12-02 09:33:48');
INSERT INTO `reviews` (`user_id`, `hotel_id`, `arrival_date`, `departure_date`, `rating`, `reviews`, `created_at`) VALUES (70, 26, '2002-07-22', '1995-07-05', '5.43026', 'Alias harum delectus magni enim rem repellendus aut. Corrupti praesentium architecto consequuntur fugit cupiditate debitis. Corrupti ut facilis voluptatibus porro.', '1983-11-20 15:12:16');
INSERT INTO `reviews` (`user_id`, `hotel_id`, `arrival_date`, `departure_date`, `rating`, `reviews`, `created_at`) VALUES (71, 40, '2011-05-23', '1993-03-15', '13957500', 'Quidem dolore doloremque soluta culpa magni. Animi asperiores voluptatem quae iusto illum rerum quod. Est nam numquam dolores impedit.', '1980-12-26 18:06:04');
INSERT INTO `reviews` (`user_id`, `hotel_id`, `arrival_date`, `departure_date`, `rating`, `reviews`, `created_at`) VALUES (72, 9, '1997-11-21', '1993-07-27', '37926.3', 'Aut et laboriosam temporibus. Voluptate eius voluptatem voluptatem est est illum nobis. Numquam voluptatem blanditiis autem.', '2009-06-27 00:12:55');
INSERT INTO `reviews` (`user_id`, `hotel_id`, `arrival_date`, `departure_date`, `rating`, `reviews`, `created_at`) VALUES (73, 7, '1980-01-26', '1990-01-24', '102298', 'Maiores quam dolorem dolore est consequatur. At perferendis nesciunt qui qui sed sunt. Voluptatem iusto et quia eos.', '2007-07-02 06:40:33');
INSERT INTO `reviews` (`user_id`, `hotel_id`, `arrival_date`, `departure_date`, `rating`, `reviews`, `created_at`) VALUES (74, 22, '2005-06-12', '1975-07-15', '13471700', 'Amet itaque possimus optio aut. Soluta quibusdam consequatur qui recusandae eum dolor voluptatem. Sit soluta rerum velit ex aut alias consequatur.', '1994-10-17 17:33:01');
INSERT INTO `reviews` (`user_id`, `hotel_id`, `arrival_date`, `departure_date`, `rating`, `reviews`, `created_at`) VALUES (75, 26, '2012-01-08', '2007-09-15', '0', 'Voluptatibus suscipit doloremque magni officia ipsa sunt mollitia nemo. Autem culpa illum aliquam est. Voluptatem accusantium tempore accusamus suscipit autem ea temporibus laudantium.', '2006-03-17 08:56:07');
INSERT INTO `reviews` (`user_id`, `hotel_id`, `arrival_date`, `departure_date`, `rating`, `reviews`, `created_at`) VALUES (76, 15, '2012-08-19', '1980-10-25', '270008000', 'Sunt est officiis saepe fugit. Illum natus itaque et exercitationem aut ut. Repudiandae consequuntur dolorem earum quis non. Quis eum aut impedit vero.', '1998-11-18 09:51:12');
INSERT INTO `reviews` (`user_id`, `hotel_id`, `arrival_date`, `departure_date`, `rating`, `reviews`, `created_at`) VALUES (77, 27, '1990-11-19', '1977-10-13', '350345', 'Facere inventore necessitatibus inventore. Nobis aut sit sint qui. Distinctio ab magni sint et voluptatem.', '2016-05-30 23:43:40');
INSERT INTO `reviews` (`user_id`, `hotel_id`, `arrival_date`, `departure_date`, `rating`, `reviews`, `created_at`) VALUES (78, 39, '1971-12-04', '2002-03-04', '0', 'Ipsam qui harum blanditiis est eligendi ipsa. Et assumenda dolores harum voluptatum eos consequuntur alias. Magni vero quasi temporibus ipsum nostrum.', '2005-01-19 17:14:26');
INSERT INTO `reviews` (`user_id`, `hotel_id`, `arrival_date`, `departure_date`, `rating`, `reviews`, `created_at`) VALUES (79, 7, '2019-05-29', '2010-02-11', '224268000', 'Quos est eius eos assumenda. Cumque dolorem eligendi aut. Officia harum numquam culpa dolor vel at et et. Officia ut possimus voluptas perspiciatis asperiores iure.', '2000-10-08 08:31:04');
INSERT INTO `reviews` (`user_id`, `hotel_id`, `arrival_date`, `departure_date`, `rating`, `reviews`, `created_at`) VALUES (80, 17, '2001-02-10', '1981-06-15', '179538', 'Consequuntur veritatis maiores adipisci consequatur quia aliquam quae. Voluptatem aliquam animi deserunt suscipit. Est impedit quia architecto veniam sit voluptatem id sit.', '1973-03-26 17:04:20');
INSERT INTO `reviews` (`user_id`, `hotel_id`, `arrival_date`, `departure_date`, `rating`, `reviews`, `created_at`) VALUES (81, 33, '2014-10-06', '1984-11-01', '0.114905', 'Ea quisquam sit optio aut nemo reiciendis nihil. Dolores autem enim cum nam nihil. Animi repudiandae soluta fuga et voluptatibus repellat.', '2007-01-23 21:38:20');
INSERT INTO `reviews` (`user_id`, `hotel_id`, `arrival_date`, `departure_date`, `rating`, `reviews`, `created_at`) VALUES (82, 31, '1994-04-04', '2018-09-09', '359.8', 'Ut praesentium dignissimos sed aut. Aliquid tempora accusamus id in. Sunt possimus dolores architecto nesciunt sint.', '1997-07-16 07:34:58');
INSERT INTO `reviews` (`user_id`, `hotel_id`, `arrival_date`, `departure_date`, `rating`, `reviews`, `created_at`) VALUES (83, 18, '2013-12-08', '1975-08-04', '0.038', 'Est neque culpa fuga repudiandae tempora. Cum odit sequi porro saepe iusto. Quaerat praesentium id voluptatem sint maxime incidunt.', '1998-02-15 09:20:54');
INSERT INTO `reviews` (`user_id`, `hotel_id`, `arrival_date`, `departure_date`, `rating`, `reviews`, `created_at`) VALUES (84, 40, '1974-10-13', '2019-11-27', '28403.9', 'Libero dolorem fuga velit id aut ducimus dolor. Veritatis eos quibusdam sit nihil. Nesciunt dolorem est culpa. Expedita occaecati at quo in consequatur dicta quos.', '2001-06-06 09:40:41');
INSERT INTO `reviews` (`user_id`, `hotel_id`, `arrival_date`, `departure_date`, `rating`, `reviews`, `created_at`) VALUES (85, 31, '1973-10-04', '1995-07-28', '1910.2', 'Quasi ratione voluptas deleniti placeat. Dolorem ipsam eos vel consequatur facilis totam. Soluta est qui iure. Ut aut quibusdam eaque excepturi et aut. Tempora et quis voluptas quas voluptatibus.', '1987-03-02 19:34:56');
INSERT INTO `reviews` (`user_id`, `hotel_id`, `arrival_date`, `departure_date`, `rating`, `reviews`, `created_at`) VALUES (86, 11, '1971-04-08', '2014-07-02', '0', 'Omnis et nisi autem omnis deserunt ea. Nam a facere qui incidunt aut sunt qui. Incidunt quod sequi quis et veniam ut similique.', '2001-10-31 04:18:29');
INSERT INTO `reviews` (`user_id`, `hotel_id`, `arrival_date`, `departure_date`, `rating`, `reviews`, `created_at`) VALUES (87, 4, '1972-10-01', '1990-04-02', '16', 'Qui harum mollitia reiciendis saepe. Non voluptatem itaque quia quis corrupti beatae voluptas excepturi. Corporis suscipit veniam labore et.', '2016-07-11 08:43:43');
INSERT INTO `reviews` (`user_id`, `hotel_id`, `arrival_date`, `departure_date`, `rating`, `reviews`, `created_at`) VALUES (88, 40, '1995-06-09', '2003-07-23', '270.626', 'Expedita incidunt illo et voluptatum incidunt. Totam et magnam vero sunt et dignissimos. Ea qui reprehenderit voluptatum accusamus. Omnis et ut et a ratione totam.', '1998-09-22 09:15:10');
INSERT INTO `reviews` (`user_id`, `hotel_id`, `arrival_date`, `departure_date`, `rating`, `reviews`, `created_at`) VALUES (89, 8, '1989-12-09', '1997-12-04', '0', 'Ratione sed magnam deleniti earum. Totam itaque neque officiis neque perferendis harum. Laudantium et maiores odio assumenda.', '1986-09-03 07:09:20');
INSERT INTO `reviews` (`user_id`, `hotel_id`, `arrival_date`, `departure_date`, `rating`, `reviews`, `created_at`) VALUES (90, 33, '1996-09-27', '2010-12-17', '113854', 'Vitae sed facere accusamus hic dolorum sint. Quis quia quod laborum fugit libero sint saepe. Est voluptatem corrupti architecto nostrum et fugiat.', '2018-07-20 19:24:08');
INSERT INTO `reviews` (`user_id`, `hotel_id`, `arrival_date`, `departure_date`, `rating`, `reviews`, `created_at`) VALUES (91, 6, '1982-10-04', '2012-07-05', '29064900', 'Reprehenderit libero necessitatibus qui necessitatibus. Labore error quaerat debitis.', '2001-09-11 16:32:01');
INSERT INTO `reviews` (`user_id`, `hotel_id`, `arrival_date`, `departure_date`, `rating`, `reviews`, `created_at`) VALUES (92, 8, '1974-04-29', '2014-11-20', '50.0113', 'Dolor est commodi qui iusto consectetur voluptas laudantium unde. Consequatur reiciendis nostrum cum possimus. Sint et iusto quia qui sed est.', '2019-06-13 20:45:01');
INSERT INTO `reviews` (`user_id`, `hotel_id`, `arrival_date`, `departure_date`, `rating`, `reviews`, `created_at`) VALUES (93, 25, '1989-10-02', '2012-02-06', '8.3813', 'Numquam voluptas eius cum dolorum. Quod illo vel aliquid nihil. Quibusdam quis nihil voluptates explicabo debitis nihil. Pariatur nemo nostrum repellendus animi.', '2007-08-15 08:21:36');
INSERT INTO `reviews` (`user_id`, `hotel_id`, `arrival_date`, `departure_date`, `rating`, `reviews`, `created_at`) VALUES (94, 23, '2008-01-21', '1981-10-03', '635597', 'Explicabo qui odio voluptas animi dolorum ut amet nesciunt. Nobis mollitia sit repellat autem qui. Possimus aspernatur est et harum.', '1979-01-12 05:40:39');
INSERT INTO `reviews` (`user_id`, `hotel_id`, `arrival_date`, `departure_date`, `rating`, `reviews`, `created_at`) VALUES (95, 4, '1997-08-06', '2018-09-26', '1077400', 'Non voluptatibus corrupti voluptates voluptatem fuga sint debitis. Delectus voluptatibus dolores voluptatem praesentium.', '2017-12-24 13:44:05');
INSERT INTO `reviews` (`user_id`, `hotel_id`, `arrival_date`, `departure_date`, `rating`, `reviews`, `created_at`) VALUES (96, 24, '2008-01-20', '2003-02-25', '4006.07', 'Quis non iure officia dolorem consectetur. Voluptas vero natus ut soluta. Dignissimos odio maxime eum.', '1985-03-02 23:20:33');
INSERT INTO `reviews` (`user_id`, `hotel_id`, `arrival_date`, `departure_date`, `rating`, `reviews`, `created_at`) VALUES (97, 36, '1977-10-31', '2005-01-09', '378008000', 'Odit sapiente temporibus sed eveniet. Et suscipit quia iste. Facere rerum modi recusandae fuga iste voluptatibus.', '2004-04-25 09:49:32');
INSERT INTO `reviews` (`user_id`, `hotel_id`, `arrival_date`, `departure_date`, `rating`, `reviews`, `created_at`) VALUES (98, 4, '1988-08-27', '1976-03-11', '0', 'Dolorem est accusantium quo aperiam repudiandae et. Molestias natus aut laudantium dolorem. Illo est consectetur fuga modi molestiae ut.', '2008-08-07 04:59:43');
INSERT INTO `reviews` (`user_id`, `hotel_id`, `arrival_date`, `departure_date`, `rating`, `reviews`, `created_at`) VALUES (99, 14, '2007-03-11', '1977-11-12', '8538930', 'Reiciendis perferendis incidunt necessitatibus est incidunt asperiores atque repellendus. Atque aut totam vero consequuntur illum voluptatem. Nulla pariatur tempore suscipit consequatur minus.', '1975-01-17 02:31:56');
INSERT INTO `reviews` (`user_id`, `hotel_id`, `arrival_date`, `departure_date`, `rating`, `reviews`, `created_at`) VALUES (100, 25, '1971-08-01', '1994-04-09', '0.42195', 'Suscipit autem qui aut eveniet et maxime et. Sit quam accusamus dolores sit sint. Dolorem voluptate est ad occaecati beatae tempora dolorem nihil.', '1997-01-16 03:05:30');
INSERT INTO `reviews` (`user_id`, `hotel_id`, `arrival_date`, `departure_date`, `rating`, `reviews`, `created_at`) VALUES (101, 30, '2007-04-10', '2000-03-15', '808.138', 'Aut aut quis qui magni. Ad qui aut dolor nemo perspiciatis ducimus. Maxime explicabo ut exercitationem.', '2007-02-25 11:34:59');
INSERT INTO `reviews` (`user_id`, `hotel_id`, `arrival_date`, `departure_date`, `rating`, `reviews`, `created_at`) VALUES (102, 14, '2000-04-25', '1976-09-05', '213978', 'Cumque eum sequi ad incidunt est. Dolor veniam a harum qui. Et enim est id numquam quo. Veniam velit ut corporis omnis consequatur eius qui vel.', '2004-08-28 23:55:49');
INSERT INTO `reviews` (`user_id`, `hotel_id`, `arrival_date`, `departure_date`, `rating`, `reviews`, `created_at`) VALUES (103, 33, '1973-08-07', '2009-05-03', '4.8128', 'Nemo mollitia ut non fuga. Qui quasi nulla et est sit nesciunt placeat. Unde itaque corporis cupiditate deserunt non. Tempore perspiciatis perspiciatis nisi nostrum architecto itaque.', '1971-07-20 15:06:51');
INSERT INTO `reviews` (`user_id`, `hotel_id`, `arrival_date`, `departure_date`, `rating`, `reviews`, `created_at`) VALUES (104, 36, '1972-08-16', '2005-06-10', '725883000', 'Veniam id asperiores eos sit. Nesciunt laudantium autem ea ad.', '1976-05-14 15:38:12');
INSERT INTO `reviews` (`user_id`, `hotel_id`, `arrival_date`, `departure_date`, `rating`, `reviews`, `created_at`) VALUES (105, 35, '1970-10-07', '1986-08-22', '139144000', 'Itaque tenetur earum excepturi minima. Consequatur voluptatem et dolore quis veniam rem ex. Facere doloremque dolorem quidem natus alias. Et sed non molestiae sint temporibus corporis reprehenderit.', '2001-01-08 18:30:17');
INSERT INTO `reviews` (`user_id`, `hotel_id`, `arrival_date`, `departure_date`, `rating`, `reviews`, `created_at`) VALUES (106, 19, '1972-05-21', '2008-07-06', '5', 'Et qui consequatur dolor voluptatum quos natus voluptatum. Quos esse accusantium quaerat aperiam et tenetur. Et tempore voluptatem voluptatem eaque nostrum.', '1972-05-19 22:56:44');
INSERT INTO `reviews` (`user_id`, `hotel_id`, `arrival_date`, `departure_date`, `rating`, `reviews`, `created_at`) VALUES (107, 10, '2002-09-12', '1999-10-29', '46799', 'Aspernatur culpa non nisi voluptas blanditiis minima dolores cupiditate. Sit ratione deleniti dolores non ipsum. Qui vel hic non eius.', '1980-07-11 10:11:31');
INSERT INTO `reviews` (`user_id`, `hotel_id`, `arrival_date`, `departure_date`, `rating`, `reviews`, `created_at`) VALUES (108, 22, '1997-02-27', '1987-03-03', '16130700', 'Aut labore asperiores et mollitia. Et saepe recusandae odit qui. Quo qui culpa veritatis in eos.', '2000-04-15 07:53:22');
INSERT INTO `reviews` (`user_id`, `hotel_id`, `arrival_date`, `departure_date`, `rating`, `reviews`, `created_at`) VALUES (109, 18, '1990-03-09', '1992-02-04', '1518980', 'Sed ut minima nam sapiente sit. Ea in tenetur odit ut vel corrupti quia. Labore repudiandae exercitationem enim praesentium.', '1995-04-14 18:43:54');
INSERT INTO `reviews` (`user_id`, `hotel_id`, `arrival_date`, `departure_date`, `rating`, `reviews`, `created_at`) VALUES (110, 16, '2009-02-08', '1978-03-19', '0', 'Inventore rerum quaerat reprehenderit aut officiis quaerat. Debitis excepturi cum vel. Accusantium tempore esse sint hic sit velit.', '1990-07-28 01:15:26');
INSERT INTO `reviews` (`user_id`, `hotel_id`, `arrival_date`, `departure_date`, `rating`, `reviews`, `created_at`) VALUES (111, 39, '2013-04-02', '2017-06-10', '12505', 'Veniam sunt quo dicta atque. Ipsum aspernatur id qui eaque fugiat minima molestias ullam.', '1992-09-26 05:57:45');
INSERT INTO `reviews` (`user_id`, `hotel_id`, `arrival_date`, `departure_date`, `rating`, `reviews`, `created_at`) VALUES (112, 10, '2004-05-12', '2005-07-08', '0', 'Quas animi ullam optio magni possimus deserunt ea. Est suscipit nam dolorem temporibus sit sit maiores. Sed ratione laborum praesentium repellat voluptas fugiat.', '1973-10-14 12:33:13');
INSERT INTO `reviews` (`user_id`, `hotel_id`, `arrival_date`, `departure_date`, `rating`, `reviews`, `created_at`) VALUES (113, 7, '1989-04-26', '1983-09-15', '24928700', 'Blanditiis dolor minima accusamus occaecati rem molestiae laudantium. Rerum ullam eaque quia expedita impedit. Magnam est delectus est ut. Quasi excepturi minima dolores ut ut odit rerum.', '1970-09-16 02:03:53');
INSERT INTO `reviews` (`user_id`, `hotel_id`, `arrival_date`, `departure_date`, `rating`, `reviews`, `created_at`) VALUES (114, 16, '1995-01-09', '2007-04-30', '610858', 'Aspernatur odit temporibus suscipit deleniti. Exercitationem expedita sed harum voluptatem non aut sequi. Libero non minus minima fugit placeat molestias.', '1990-09-15 05:02:44');
INSERT INTO `reviews` (`user_id`, `hotel_id`, `arrival_date`, `departure_date`, `rating`, `reviews`, `created_at`) VALUES (115, 10, '2015-08-09', '2012-02-03', '744320000', 'Aut ipsam sit dolore distinctio consequatur culpa. Atque accusamus architecto ad. Quo eos et accusantium omnis ex sunt nostrum. Quo totam quo ea veniam nemo rerum.', '1991-01-26 05:27:56');
INSERT INTO `reviews` (`user_id`, `hotel_id`, `arrival_date`, `departure_date`, `rating`, `reviews`, `created_at`) VALUES (116, 37, '1975-02-18', '1995-02-19', '461.037', 'Facere enim mollitia omnis consequatur et fuga sint natus. Natus adipisci ducimus voluptate quibusdam. Quasi officia et libero. Asperiores blanditiis natus molestiae.', '1972-12-26 01:06:09');
INSERT INTO `reviews` (`user_id`, `hotel_id`, `arrival_date`, `departure_date`, `rating`, `reviews`, `created_at`) VALUES (117, 27, '2004-09-25', '1998-11-03', '190796000', 'Quas tenetur eos reprehenderit aut veritatis iste omnis. Explicabo laboriosam dicta praesentium quaerat.', '1991-10-28 11:10:23');
INSERT INTO `reviews` (`user_id`, `hotel_id`, `arrival_date`, `departure_date`, `rating`, `reviews`, `created_at`) VALUES (118, 13, '1971-09-22', '2004-01-27', '4.28335', 'Adipisci veritatis rerum consequatur sit necessitatibus perspiciatis est ut. Et quas et voluptatum quia et. Enim qui eligendi quidem cum pariatur.', '2019-09-10 00:25:08');
INSERT INTO `reviews` (`user_id`, `hotel_id`, `arrival_date`, `departure_date`, `rating`, `reviews`, `created_at`) VALUES (119, 37, '1987-09-06', '1974-07-10', '0.992811', 'Magnam culpa dolores consequuntur quae est eius. Ut excepturi non vel blanditiis dignissimos quod itaque. Non porro doloribus enim recusandae.', '2011-12-20 23:29:43');
INSERT INTO `reviews` (`user_id`, `hotel_id`, `arrival_date`, `departure_date`, `rating`, `reviews`, `created_at`) VALUES (120, 34, '1988-02-13', '2000-03-15', '39.3601', 'Magnam omnis doloribus eligendi aliquid modi eum. Repudiandae ut eum repudiandae nam. Voluptas vero ut quia recusandae voluptatem. Enim debitis nobis aut repellendus nisi debitis nobis sit.', '2000-12-29 17:27:07');
INSERT INTO `reviews` (`user_id`, `hotel_id`, `arrival_date`, `departure_date`, `rating`, `reviews`, `created_at`) VALUES (121, 6, '1995-05-17', '1992-03-22', '5956650', 'Et mollitia non nam aut. Voluptate aut occaecati quae blanditiis et voluptatem. Et quae exercitationem vitae impedit soluta. Adipisci vel quo maiores incidunt.', '1978-04-22 05:40:35');
INSERT INTO `reviews` (`user_id`, `hotel_id`, `arrival_date`, `departure_date`, `rating`, `reviews`, `created_at`) VALUES (122, 2, '1992-01-14', '2018-12-01', '15.6269', 'Itaque est sequi deleniti voluptate. Delectus optio ratione doloremque non. Non ut eligendi est voluptas.', '1982-12-17 13:06:43');
INSERT INTO `reviews` (`user_id`, `hotel_id`, `arrival_date`, `departure_date`, `rating`, `reviews`, `created_at`) VALUES (123, 1, '2001-01-03', '1974-02-11', '361436', 'Unde maxime laborum quisquam ex et ut animi. Tempore temporibus consectetur repudiandae qui sed consequatur. Qui quisquam id optio repudiandae laboriosam.', '1994-11-03 22:05:48');
INSERT INTO `reviews` (`user_id`, `hotel_id`, `arrival_date`, `departure_date`, `rating`, `reviews`, `created_at`) VALUES (124, 30, '1987-11-18', '2007-01-25', '84', 'Praesentium tempora vero odit est voluptas quis animi expedita. Non dolore similique veritatis nemo dolores quis omnis est. Qui eaque eaque mollitia tenetur sit.', '2001-07-06 19:44:55');
INSERT INTO `reviews` (`user_id`, `hotel_id`, `arrival_date`, `departure_date`, `rating`, `reviews`, `created_at`) VALUES (125, 24, '2016-02-09', '1975-07-11', '271.158', 'Aut quia omnis quasi cupiditate. Voluptas ducimus necessitatibus dolores eos ut inventore.', '1981-09-23 05:04:08');
INSERT INTO `reviews` (`user_id`, `hotel_id`, `arrival_date`, `departure_date`, `rating`, `reviews`, `created_at`) VALUES (126, 5, '2017-06-02', '1996-08-18', '23.9285', 'Tenetur nulla et vel delectus. Eligendi corporis et harum molestias. Voluptatem iste eos consequuntur consequatur architecto nam.', '1975-05-10 21:51:52');
INSERT INTO `reviews` (`user_id`, `hotel_id`, `arrival_date`, `departure_date`, `rating`, `reviews`, `created_at`) VALUES (127, 14, '2016-02-13', '1989-01-26', '5932.78', 'Officiis aut eligendi ut voluptatem eos. Suscipit qui qui facere eum. Sint vel minima maxime dolores. Quasi consequuntur sit dolorem placeat nesciunt rem maiores.', '2010-08-31 21:40:54');
INSERT INTO `reviews` (`user_id`, `hotel_id`, `arrival_date`, `departure_date`, `rating`, `reviews`, `created_at`) VALUES (128, 20, '1997-01-04', '1973-02-03', '7118.04', 'Ad voluptas soluta corrupti laudantium. Vero omnis consequatur ipsam totam voluptate incidunt ipsa. Eum deserunt est corporis aliquid debitis. Sed vitae esse itaque.', '2010-08-11 07:55:30');
INSERT INTO `reviews` (`user_id`, `hotel_id`, `arrival_date`, `departure_date`, `rating`, `reviews`, `created_at`) VALUES (129, 8, '2000-09-13', '2003-04-29', '3231630', 'At error explicabo dignissimos molestiae molestiae ab. Harum ducimus quam in minima. Aut totam necessitatibus rerum distinctio.', '2007-04-09 14:11:42');
INSERT INTO `reviews` (`user_id`, `hotel_id`, `arrival_date`, `departure_date`, `rating`, `reviews`, `created_at`) VALUES (130, 28, '1980-12-23', '2009-03-20', '29311.7', 'Ut voluptatem quod minus a repellat rerum. Molestiae cumque quo nam vitae a ipsum. Et iure rem illo aliquam ducimus aut rerum. Quisquam voluptas tenetur sapiente.', '2005-09-10 16:38:49');
INSERT INTO `reviews` (`user_id`, `hotel_id`, `arrival_date`, `departure_date`, `rating`, `reviews`, `created_at`) VALUES (131, 4, '2007-08-24', '2014-05-19', '128415000', 'Reiciendis aut id dolorem facilis dolores. Dolorum sunt sint omnis molestiae minus. Dolor qui repellendus fugiat animi ratione.', '2015-09-28 15:17:03');
INSERT INTO `reviews` (`user_id`, `hotel_id`, `arrival_date`, `departure_date`, `rating`, `reviews`, `created_at`) VALUES (132, 37, '1971-10-13', '1989-10-01', '481484', 'Perspiciatis ut ut neque quo similique vel. Sed ut ea sed natus. Qui omnis modi sunt odio.', '2013-04-04 01:47:35');
INSERT INTO `reviews` (`user_id`, `hotel_id`, `arrival_date`, `departure_date`, `rating`, `reviews`, `created_at`) VALUES (133, 1, '1998-09-01', '2004-05-15', '0', 'Maxime velit autem quo ad explicabo ullam. Nam totam temporibus quod eaque similique non. Cumque dolore sit quia cumque ratione quia modi.', '2007-12-15 06:10:54');
INSERT INTO `reviews` (`user_id`, `hotel_id`, `arrival_date`, `departure_date`, `rating`, `reviews`, `created_at`) VALUES (134, 37, '1981-10-16', '2005-08-06', '25382.3', 'Quam exercitationem inventore dicta et aliquid consequatur dolorem. Natus qui facere ipsa consequatur. Rerum vel perspiciatis ducimus et in modi. Tenetur magni et nihil laudantium dolorum quasi non.', '1986-06-05 00:02:08');
INSERT INTO `reviews` (`user_id`, `hotel_id`, `arrival_date`, `departure_date`, `rating`, `reviews`, `created_at`) VALUES (135, 33, '1981-08-29', '2006-01-07', '25234400', 'Vero repudiandae incidunt et est. Fugiat atque amet laudantium qui ut. Vitae dolorum aliquid et tenetur in. Magni est eveniet pariatur nisi qui.', '1978-05-25 12:50:25');
INSERT INTO `reviews` (`user_id`, `hotel_id`, `arrival_date`, `departure_date`, `rating`, `reviews`, `created_at`) VALUES (136, 35, '1974-09-18', '2001-11-16', '1986', 'Et unde fuga sit ut porro quod nesciunt. Deserunt eos nobis voluptatem quae quo tempore. Vitae eum adipisci esse omnis quia reprehenderit.', '2014-03-09 18:58:48');
INSERT INTO `reviews` (`user_id`, `hotel_id`, `arrival_date`, `departure_date`, `rating`, `reviews`, `created_at`) VALUES (137, 15, '1978-07-18', '1988-03-05', '179926000', 'Ullam sunt officiis voluptates magnam. Excepturi sint asperiores eius sint illum. Quam culpa iure quis tenetur molestias.', '1988-04-30 19:44:43');
INSERT INTO `reviews` (`user_id`, `hotel_id`, `arrival_date`, `departure_date`, `rating`, `reviews`, `created_at`) VALUES (138, 2, '1989-12-16', '1975-06-03', '3183.84', 'Eum modi dicta quia commodi est. Quae vel vel vel a sed. Sint itaque sit tempora sed. Deserunt eos dolorem et quos facere.', '1992-02-07 10:26:08');
INSERT INTO `reviews` (`user_id`, `hotel_id`, `arrival_date`, `departure_date`, `rating`, `reviews`, `created_at`) VALUES (139, 17, '1989-03-12', '2004-01-13', '539313', 'Ut sit repellat corrupti et et impedit porro. Modi est eaque qui tenetur est nostrum neque. Ut dolorem in similique occaecati tenetur dolor. Autem a voluptatem cupiditate neque unde incidunt.', '2004-07-06 10:12:26');
INSERT INTO `reviews` (`user_id`, `hotel_id`, `arrival_date`, `departure_date`, `rating`, `reviews`, `created_at`) VALUES (140, 32, '1987-03-08', '1982-12-08', '677463', 'Rerum ad et aut natus quibusdam eaque. Rerum dolorum molestiae maxime voluptatem. Aut adipisci sunt ea. In vitae sit voluptatem sit maiores architecto ad.', '1985-01-17 01:26:51');
INSERT INTO `reviews` (`user_id`, `hotel_id`, `arrival_date`, `departure_date`, `rating`, `reviews`, `created_at`) VALUES (141, 18, '1979-05-07', '2008-01-31', '3472.54', 'Id occaecati molestiae velit ea et. Aliquid aut a et sunt sed voluptas ut. Velit quos quisquam temporibus. Rerum quia cupiditate omnis est.', '1995-09-22 20:30:59');
INSERT INTO `reviews` (`user_id`, `hotel_id`, `arrival_date`, `departure_date`, `rating`, `reviews`, `created_at`) VALUES (142, 15, '2003-05-08', '2013-04-29', '312573', 'Eius velit harum rerum sit voluptas magnam vitae. Optio cupiditate eligendi quos qui amet.', '1991-09-15 01:26:14');
INSERT INTO `reviews` (`user_id`, `hotel_id`, `arrival_date`, `departure_date`, `rating`, `reviews`, `created_at`) VALUES (143, 2, '1998-10-22', '1988-04-26', '4604800', 'Vero iste illum ut. Voluptatem et voluptatem rerum repellendus. Voluptates quia illo veritatis quasi accusamus exercitationem ut. Voluptatem consequatur eaque explicabo a incidunt possimus dolorum.', '1985-08-14 20:33:14');
INSERT INTO `reviews` (`user_id`, `hotel_id`, `arrival_date`, `departure_date`, `rating`, `reviews`, `created_at`) VALUES (144, 24, '1982-01-20', '1975-06-15', '2920.86', 'Sit ea et aut asperiores. Provident inventore est ab nihil qui unde cupiditate numquam. Praesentium magni corporis qui omnis sunt minus.', '2010-06-18 00:11:07');
INSERT INTO `reviews` (`user_id`, `hotel_id`, `arrival_date`, `departure_date`, `rating`, `reviews`, `created_at`) VALUES (145, 31, '2010-08-09', '1992-06-13', '4.923', 'Doloribus ut nihil sit et corporis maiores pariatur. Qui quia cum facilis suscipit perferendis maiores ut. Corrupti nam vel architecto nisi autem.', '2009-10-12 17:29:40');
INSERT INTO `reviews` (`user_id`, `hotel_id`, `arrival_date`, `departure_date`, `rating`, `reviews`, `created_at`) VALUES (146, 11, '2002-07-06', '1985-09-19', '0', 'Maiores ipsam magni beatae fugit aut. Consequatur ducimus vero aut blanditiis non beatae. Magnam delectus in libero ut est voluptas.', '1989-07-12 03:43:04');
INSERT INTO `reviews` (`user_id`, `hotel_id`, `arrival_date`, `departure_date`, `rating`, `reviews`, `created_at`) VALUES (147, 21, '1999-02-23', '2007-06-17', '20.5116', 'Porro distinctio et qui dolores id dolor ullam voluptas. Quia est nihil delectus et autem sit. Ea omnis officiis qui velit nisi omnis.', '2018-12-03 12:30:16');
INSERT INTO `reviews` (`user_id`, `hotel_id`, `arrival_date`, `departure_date`, `rating`, `reviews`, `created_at`) VALUES (148, 17, '1990-02-21', '2001-10-23', '26.471', 'Explicabo quam ad dolore praesentium explicabo libero. Odit vitae vel molestias rerum. Commodi quo praesentium magnam architecto quisquam incidunt.', '1980-01-05 14:53:39');
INSERT INTO `reviews` (`user_id`, `hotel_id`, `arrival_date`, `departure_date`, `rating`, `reviews`, `created_at`) VALUES (149, 24, '1970-01-30', '2019-08-03', '4658.11', 'Et consequatur quidem quos voluptatem dignissimos. Et ipsum optio quasi qui enim facilis iste. Aut modi impedit ut dolores. Deserunt ut quis est reprehenderit.', '1990-05-13 22:55:41');
INSERT INTO `reviews` (`user_id`, `hotel_id`, `arrival_date`, `departure_date`, `rating`, `reviews`, `created_at`) VALUES (150, 17, '1979-12-04', '2003-08-30', '154498', 'Natus aspernatur sed voluptatem. Id ipsam non et molestiae sequi accusamus. Cupiditate ut placeat labore molestiae. Nulla et ea earum ipsam sunt corporis facere modi. Quia vel aut ut neque.', '2008-02-08 14:56:21');


#
# TABLE STRUCTURE FOR: room_reservation
#

DROP TABLE IF EXISTS `room_reservation`;

CREATE TABLE `room_reservation` (
  `user_id` int(10) unsigned NOT NULL,
  `numbers_id` int(10) unsigned NOT NULL,
  `arrival_date` date DEFAULT NULL,
  `departure_date` date DEFAULT NULL,
  `notes` text COLLATE utf8_unicode_ci NOT NULL,
  PRIMARY KEY (`user_id`,`numbers_id`)
) ENGINE=InnoDB DEFAULT CHARSET=utf8 COLLATE=utf8_unicode_ci;

INSERT INTO `room_reservation` (`user_id`, `numbers_id`, `arrival_date`, `departure_date`, `notes`) VALUES (1, 13, '2020-04-13', '1984-05-23', 'Our family always HATED cats: nasty, low, vulgar things! Dont let me help to undo it!\' \'I shall sit here, he said, turning to Alice. Only a thimble, said Alice a little queer, wont you?\' \'Not a.');
INSERT INTO `room_reservation` (`user_id`, `numbers_id`, `arrival_date`, `departure_date`, `notes`) VALUES (2, 3, '2020-07-08', '1975-01-13', 'Hatter and the happy summer days. THE.');
INSERT INTO `room_reservation` (`user_id`, `numbers_id`, `arrival_date`, `departure_date`, `notes`) VALUES (3, 20, '2020-03-06', '2016-08-09', 'Alice said to herself, after such a thing as \"I eat what I was sent for.\' \'You ought to have him with them, the Mock Turtle replied; and then the puppy made another snatch in the direction it.');
INSERT INTO `room_reservation` (`user_id`, `numbers_id`, `arrival_date`, `departure_date`, `notes`) VALUES (4, 3, '2020-05-12', '1990-07-28', 'The Mouse only growled in reply. Idiot! said the Mock Turtle: nine the next, and so on; then, when youve cleared all the players, except the King, and dont look at the stick, running a very.');
INSERT INTO `room_reservation` (`user_id`, `numbers_id`, `arrival_date`, `departure_date`, `notes`) VALUES (5, 18, '2020-11-03', '1977-01-05', 'Majesty, said the Gryphon. We can do no more, whatever happens. What WILL become of it; and while she ran, as well wait, as she could. The next thing was waving its right paw round, lives a.');
INSERT INTO `room_reservation` (`user_id`, `numbers_id`, `arrival_date`, `departure_date`, `notes`) VALUES (6, 13, '2020-07-17', '2009-09-05', 'THAT direction, waving the other side of the wayTHAT generally takes some time, interrupted the Gryphon. I mean, what makes them so shiny? Alice looked round, eager to see what the next.');
INSERT INTO `room_reservation` (`user_id`, `numbers_id`, `arrival_date`, `departure_date`, `notes`) VALUES (7, 15, '2020-01-31', '2007-12-14', 'There were doors all round her once more, while the Dodo solemnly presented the thimble, saying We beg your pardon, said Alice timidly. Would you tell me, please, which way she put one arm out of.');
INSERT INTO `room_reservation` (`user_id`, `numbers_id`, `arrival_date`, `departure_date`, `notes`) VALUES (8, 15, '2020-01-29', '2014-07-17', 'Mock Turtle interrupted, if you dont know of any that do, Alice hastily replied; only one doesnt like changing so often, of course had to stop and untwist it. After a time she heard a little of.');
INSERT INTO `room_reservation` (`user_id`, `numbers_id`, `arrival_date`, `departure_date`, `notes`) VALUES (9, 17, '2020-03-06', '1983-08-17', 'Majesty? he asked. Begin at the Lizard in head downwards, and the Queens ears-- the Rabbit came up to her lips. I know what to say when I got up in a piteous tone. And the muscular strength,.');
INSERT INTO `room_reservation` (`user_id`, `numbers_id`, `arrival_date`, `departure_date`, `notes`) VALUES (10, 6, '2020-03-01', '1973-08-21', 'Id taken the highest tree in front of them, and considered a little while, however, she again heard a little girl shell think me at all. In that case, said the King, and he went on just as well.');
INSERT INTO `room_reservation` (`user_id`, `numbers_id`, `arrival_date`, `departure_date`, `notes`) VALUES (11, 13, '2020-08-17', '1998-06-08', 'Queen, stamping on the bank, and of having nothing to what I see\"!\' \'You might just as she could, for her to wink with one finger for the hedgehogs; and in THAT direction, waving the other queer.');
INSERT INTO `room_reservation` (`user_id`, `numbers_id`, `arrival_date`, `departure_date`, `notes`) VALUES (12, 18, '2020-03-21', '2009-03-27', 'The Hatter looked at it again: but he could go. Alice took up the fan and gloves, and, as a boon, Was kindly permitted to pocket the spoon: While the Panther received knife and fork with a little.');
INSERT INTO `room_reservation` (`user_id`, `numbers_id`, `arrival_date`, `departure_date`, `notes`) VALUES (13, 6, '2020-02-14', '2007-04-16', 'Then it got down off the top of her sharp little chin. Ive a right to grow larger again, and went in. The door led right into a line along the sea-shore Two lines! cried the Gryphon, she.');
INSERT INTO `room_reservation` (`user_id`, `numbers_id`, `arrival_date`, `departure_date`, `notes`) VALUES (14, 19, '2020-07-20', '2015-09-09', 'Alice to herself. Of the mushroom, said the Footman, and that for two Pennyworth only of beautiful Soup? Beau--ootiful Soo--oop! Soo--oop of the trial. Stupid things! Alice thought she might.');
INSERT INTO `room_reservation` (`user_id`, `numbers_id`, `arrival_date`, `departure_date`, `notes`) VALUES (15, 15, '2020-10-01', '2004-12-16', 'But at any rate Ill never go THERE again! said Alice to herself, because of his tail. As if it had entirely disappeared; so the King said, for about the twentieth time that day. That PROVES his.');
INSERT INTO `room_reservation` (`user_id`, `numbers_id`, `arrival_date`, `departure_date`, `notes`) VALUES (16, 20, '2020-01-29', '1993-03-16', 'Though they were gardeners, or soldiers, or courtiers, or three pairs of tiny white kid gloves: she took up the conversation dropped, and the choking of the sort, said the Lory, who at last it sat.');
INSERT INTO `room_reservation` (`user_id`, `numbers_id`, `arrival_date`, `departure_date`, `notes`) VALUES (17, 20, '2020-07-29', '1999-05-30', 'There was a little startled when she got into the Dormouses place, and Alice was so much already, that it had entirely disappeared; so the King put on his flappers, Mystery, ancient and modern.');
INSERT INTO `room_reservation` (`user_id`, `numbers_id`, `arrival_date`, `departure_date`, `notes`) VALUES (18, 5, '2020-05-16', '1970-08-17', 'Gryphon; and then dipped suddenly down, so suddenly that Alice said; but was dreadfully puzzled by the officers of the bread-and-butter. Just at this corner--No, tie em together first--they dont.');
INSERT INTO `room_reservation` (`user_id`, `numbers_id`, `arrival_date`, `departure_date`, `notes`) VALUES (19, 6, '2020-07-03', '2000-05-23', 'I almost wish Id gone to see you again, you dear old thing! said Alice, and looking anxiously about as curious as it spoke. As wet as ever, said Alice very humbly: you had got to do, said.');
INSERT INTO `room_reservation` (`user_id`, `numbers_id`, `arrival_date`, `departure_date`, `notes`) VALUES (20, 15, '2020-07-29', '1982-03-08', 'Queens absence, and were quite silent, and looked at the top with its head, it WOULD twist itself round and round goes the clock in a hurry: a large pigeon had flown into her face, and large eyes.');
INSERT INTO `room_reservation` (`user_id`, `numbers_id`, `arrival_date`, `departure_date`, `notes`) VALUES (21, 16, '2020-04-10', '1986-09-12', 'Dinah: I think you said the March Hare interrupted, yawning. Im getting tired of sitting by her sister kissed her, and she went nearer to make out that it was perfectly round,.');
INSERT INTO `room_reservation` (`user_id`, `numbers_id`, `arrival_date`, `departure_date`, `notes`) VALUES (22, 9, '2020-01-06', '2006-02-13', 'Rabbit hastily interrupted. Theres a great hurry. You did! said the youth, as I mentioned before, And have grown most uncommonly fat; Yet you finished the first witness, said the Caterpillar;.');
INSERT INTO `room_reservation` (`user_id`, `numbers_id`, `arrival_date`, `departure_date`, `notes`) VALUES (23, 6, '2020-12-19', '2016-11-25', 'Dont let him know she liked them best, For this must ever be A secret, kept from all the same, shedding gallons of tears, until there was no use their putting their heads off? shouted the Queen,.');
INSERT INTO `room_reservation` (`user_id`, `numbers_id`, `arrival_date`, `departure_date`, `notes`) VALUES (24, 16, '2020-06-07', '2014-09-17', 'Alice dodged behind a great thistle, to keep back the wandering hair that WOULD always get into that beautiful garden--how IS that to be true): If she should meet the real Mary Ann, what ARE you.');
INSERT INTO `room_reservation` (`user_id`, `numbers_id`, `arrival_date`, `departure_date`, `notes`) VALUES (25, 5, '2020-08-07', '2003-04-18', 'King added in a natural way again. I wonder if I know I have done that? she thought. But everythings curious today. I think I could, if I shall see it trot away quietly into the sea, some.');
INSERT INTO `room_reservation` (`user_id`, `numbers_id`, `arrival_date`, `departure_date`, `notes`) VALUES (26, 12, '2020-06-16', '1985-10-02', 'Alice angrily. It wasnt very civil of you to get out again. The rabbit-hole went straight on like a Jack-in-the-box, and up the chimney, has he? said Alice indignantly, and she soon found out a.');
INSERT INTO `room_reservation` (`user_id`, `numbers_id`, `arrival_date`, `departure_date`, `notes`) VALUES (27, 19, '2020-07-21', '2017-04-13', 'Oh, I shouldnt want YOURS: I dont think, Alice went on, you throw the The lobsters! shouted the Queen. It proves nothing of the court with a teacup in one hand, and made believe to worry.');
INSERT INTO `room_reservation` (`user_id`, `numbers_id`, `arrival_date`, `departure_date`, `notes`) VALUES (28, 9, '2020-04-15', '1981-08-17', 'THE KING AND QUEEN OF HEARTS. Alice was soon submitted to by all three to settle the question, and they repeated their arguments to her, if we had the best plan. It sounded an excellent plan, no.');
INSERT INTO `room_reservation` (`user_id`, `numbers_id`, `arrival_date`, `departure_date`, `notes`) VALUES (29, 12, '2020-12-10', '2004-08-17', 'March Hare was said to herself, and fanned herself with one eye; I seem to see if she did not look at the jury-box, and saw that, in her own ears for having missed their turns, and she at once took.');
INSERT INTO `room_reservation` (`user_id`, `numbers_id`, `arrival_date`, `departure_date`, `notes`) VALUES (30, 5, '2020-11-29', '2016-02-23', 'He looked at Two. Two began in a shrill, loud voice, and the Dormouse indignantly. However, he consented to go after that savage Queen: so she tried to look for her, and said, Thats right, Five!.');
INSERT INTO `room_reservation` (`user_id`, `numbers_id`, `arrival_date`, `departure_date`, `notes`) VALUES (31, 18, '2020-12-11', '2007-11-20', 'Duck: its generally a frog or a worm. The question is, what did the archbishop find? The Mouse only growled in reply. Please come back and finish your story! Alice called after her. Ive.');
INSERT INTO `room_reservation` (`user_id`, `numbers_id`, `arrival_date`, `departure_date`, `notes`) VALUES (32, 4, '2020-04-26', '1991-06-14', 'Adventures, till she was exactly three inches high). But Im NOT a serpent! said Alice sadly. Hand it over afterwards, it occurred to her ear, and whispered Shes under sentence of execution..');
INSERT INTO `room_reservation` (`user_id`, `numbers_id`, `arrival_date`, `departure_date`, `notes`) VALUES (33, 8, '2020-04-22', '1998-12-07', 'Caterpillar. Alice said nothing: she had somehow fallen into a sort of mixed flavour of cherry-tart, custard, pine-apple, roast turkey, toffee, and hot buttered toast,) she very good-naturedly began.');
INSERT INTO `room_reservation` (`user_id`, `numbers_id`, `arrival_date`, `departure_date`, `notes`) VALUES (34, 17, '2020-02-25', '1986-12-10', 'Footman continued in the air, and came flying down upon her: she gave her answer. Theyre done with blacking, I believe.bBoots and shoes under the hedge. In another moment it was quite silent for.');
INSERT INTO `room_reservation` (`user_id`, `numbers_id`, `arrival_date`, `departure_date`, `notes`) VALUES (35, 7, '2020-08-29', '1972-09-18', 'Alice. It looked good-natured, she thought: still it had fallen into it: there were ten of them, with her face like the Queen? said the Dodo solemnly, rising to its feet, I move that the pebbles.');
INSERT INTO `room_reservation` (`user_id`, `numbers_id`, `arrival_date`, `departure_date`, `notes`) VALUES (36, 5, '2020-12-04', '1993-10-26', 'Five, in a sulky tone, as it happens; and if I shall see it again, but it just missed her. Alice caught the flamingo and brought it back, the fight was over, and both the hedgehogs were out of their.');
INSERT INTO `room_reservation` (`user_id`, `numbers_id`, `arrival_date`, `departure_date`, `notes`) VALUES (37, 10, '2020-05-21', '1970-08-30', 'What would become of me? Luckily for Alice, the little glass box that was trickling down his face, as long as I tell you! said Alice. Why not? said the Duck: its generally a frog or a.');
INSERT INTO `room_reservation` (`user_id`, `numbers_id`, `arrival_date`, `departure_date`, `notes`) VALUES (38, 1, '2020-08-22', '2019-08-17', 'There was certainly English. I dont see any wine, she remarked. It tells the day and night! You see the Hatter with a deep sigh, I was a good deal to come down the chimney! Oh! So Bills got.');
INSERT INTO `room_reservation` (`user_id`, `numbers_id`, `arrival_date`, `departure_date`, `notes`) VALUES (39, 20, '2020-07-09', '2012-12-30', 'Alice said; theres a large ring, with the bread-and-butter getting so used to say HOW DOTH THE LITTLE BUSY BEE, but it was as much use in knocking, said the Hatter. You might just as she.');
INSERT INTO `room_reservation` (`user_id`, `numbers_id`, `arrival_date`, `departure_date`, `notes`) VALUES (40, 6, '2020-05-13', '1999-07-01', 'King, looking round the table, but there were three gardeners who were all ornamented with hearts. Next came the royal children, and everybody laughed, Let the jury wrote it down important, and.');


#
# TABLE STRUCTURE FOR: services_type
#

DROP TABLE IF EXISTS `services_type`;

CREATE TABLE `services_type` (
  `id` int(10) unsigned NOT NULL AUTO_INCREMENT,
  `name` varchar(255) COLLATE utf8_unicode_ci NOT NULL,
  `cost` int(10) unsigned NOT NULL,
  PRIMARY KEY (`id`),
  UNIQUE KEY `name` (`name`)
) ENGINE=InnoDB AUTO_INCREMENT=11 DEFAULT CHARSET=utf8 COLLATE=utf8_unicode_ci;

INSERT INTO `services_type` (`id`, `name`, `cost`) VALUES (1, 'Хранение багажа', 1500);
INSERT INTO `services_type` (`id`, `name`, `cost`) VALUES (2, 'Буфет', 500);
INSERT INTO `services_type` (`id`, `name`, `cost`) VALUES (3, 'Бар', 2000);
INSERT INTO `services_type` (`id`, `name`, `cost`) VALUES (4, 'Интернет', 150);
INSERT INTO `services_type` (`id`, `name`, `cost`) VALUES (5, 'Парковка', 300);
INSERT INTO `services_type` (`id`, `name`, `cost`) VALUES (6, 'Спа', 1750);
INSERT INTO `services_type` (`id`, `name`, `cost`) VALUES (7, 'Боулинг', 1000);
INSERT INTO `services_type` (`id`, `name`, `cost`) VALUES (8, 'Ресторан', 3150);
INSERT INTO `services_type` (`id`, `name`, `cost`) VALUES (9, 'Уборка номера', 750);
INSERT INTO `services_type` (`id`, `name`, `cost`) VALUES (10, 'Размещение домашних животных', 1100);


#
# TABLE STRUCTURE FOR: users
#

DROP TABLE IF EXISTS `users`;

CREATE TABLE `users` (
  `id` int(10) unsigned NOT NULL AUTO_INCREMENT,
  `appeal` varchar(100) COLLATE utf8_unicode_ci NOT NULL,
  `first_name` varchar(100) COLLATE utf8_unicode_ci NOT NULL,
  `last_name` varchar(100) COLLATE utf8_unicode_ci NOT NULL,
  `phone` varchar(120) COLLATE utf8_unicode_ci NOT NULL,
  `gender` char(1) COLLATE utf8_unicode_ci NOT NULL,
  `email` varchar(120) COLLATE utf8_unicode_ci NOT NULL,
  `smoking_in_the_room` tinyint(1) DEFAULT NULL,
  `business_traveler` tinyint(1) DEFAULT NULL,
  `created_at` datetime DEFAULT current_timestamp(),
  `updated_at` datetime DEFAULT current_timestamp() ON UPDATE current_timestamp(),
  PRIMARY KEY (`id`),
  UNIQUE KEY `phone` (`phone`),
  UNIQUE KEY `email` (`email`)
) ENGINE=InnoDB AUTO_INCREMENT=151 DEFAULT CHARSET=utf8 COLLATE=utf8_unicode_ci;

INSERT INTO `users` (`id`, `appeal`, `first_name`, `last_name`, `phone`, `gender`, `email`, `smoking_in_the_room`, `business_traveler`, `created_at`, `updated_at`) VALUES (1, 'Dr.', 'Enos', 'Botsford', '+7 (992) 209-00-43', 'm', 'juwan.luettgen@example.com', 0, 0, '1974-08-10 07:53:38', '2007-01-02 13:53:25');
INSERT INTO `users` (`id`, `appeal`, `first_name`, `last_name`, `phone`, `gender`, `email`, `smoking_in_the_room`, `business_traveler`, `created_at`, `updated_at`) VALUES (2, 'Dr.', 'Gillian', 'Kassulke', '+7 (302) 989-39-76', 'm', 'vandervort.veda@example.net', 0, 1, '1997-01-09 11:51:50', '1992-09-05 00:58:28');
INSERT INTO `users` (`id`, `appeal`, `first_name`, `last_name`, `phone`, `gender`, `email`, `smoking_in_the_room`, `business_traveler`, `created_at`, `updated_at`) VALUES (3, 'Mr.', 'Sonny', 'Bernier', '+7 (958) 165-67-47', 'm', 'okeefe.laurie@example.net', 0, 1, '2008-07-14 06:52:11', '1998-11-19 22:23:34');
INSERT INTO `users` (`id`, `appeal`, `first_name`, `last_name`, `phone`, `gender`, `email`, `smoking_in_the_room`, `business_traveler`, `created_at`, `updated_at`) VALUES (4, 'Dr.', 'Bradley', 'Langworth', '+7 (984) 420-36-04', 'f', 'miller.coralie@example.net', 1, 0, '2002-12-15 06:07:33', '2004-11-12 06:29:45');
INSERT INTO `users` (`id`, `appeal`, `first_name`, `last_name`, `phone`, `gender`, `email`, `smoking_in_the_room`, `business_traveler`, `created_at`, `updated_at`) VALUES (5, 'Mr.', 'Bret', 'Batz', '+7 (815) 950-71-02', 'f', 'lkemmer@example.com', 1, 0, '2012-12-15 11:57:28', '2017-11-30 17:38:53');
INSERT INTO `users` (`id`, `appeal`, `first_name`, `last_name`, `phone`, `gender`, `email`, `smoking_in_the_room`, `business_traveler`, `created_at`, `updated_at`) VALUES (6, 'Prof.', 'Rossie', 'Larson', '+7 (964) 812-34-51', 'f', 'morissette.adrain@example.org', 1, 0, '1980-07-09 00:03:57', '2012-02-24 05:07:33');
INSERT INTO `users` (`id`, `appeal`, `first_name`, `last_name`, `phone`, `gender`, `email`, `smoking_in_the_room`, `business_traveler`, `created_at`, `updated_at`) VALUES (7, 'Prof.', 'Lola', 'Crooks', '+7 (381) 992-41-56', 'f', 'ramona19@example.net', 1, 0, '1979-01-03 02:03:17', '1972-11-16 09:13:37');
INSERT INTO `users` (`id`, `appeal`, `first_name`, `last_name`, `phone`, `gender`, `email`, `smoking_in_the_room`, `business_traveler`, `created_at`, `updated_at`) VALUES (8, 'Mr.', 'Oleta', 'Wisozk', '+7 (384) 768-85-91', 'f', 'ian.ward@example.com', 0, 0, '1983-05-02 04:17:58', '2019-09-27 16:57:04');
INSERT INTO `users` (`id`, `appeal`, `first_name`, `last_name`, `phone`, `gender`, `email`, `smoking_in_the_room`, `business_traveler`, `created_at`, `updated_at`) VALUES (9, 'Prof.', 'Duane', 'Rogahn', '+7 (943) 920-33-24', 'f', 'lew79@example.com', 0, 0, '1976-01-19 04:19:41', '1982-09-17 04:38:04');
INSERT INTO `users` (`id`, `appeal`, `first_name`, `last_name`, `phone`, `gender`, `email`, `smoking_in_the_room`, `business_traveler`, `created_at`, `updated_at`) VALUES (10, 'Mrs.', 'Jeffery', 'Kreiger', '+7 (843) 902-59-74', 'm', 'dorothy53@example.net', 1, 0, '2016-08-17 23:19:39', '2019-02-07 11:44:08');
INSERT INTO `users` (`id`, `appeal`, `first_name`, `last_name`, `phone`, `gender`, `email`, `smoking_in_the_room`, `business_traveler`, `created_at`, `updated_at`) VALUES (11, 'Prof.', 'Devon', 'Veum', '+7 (983) 533-47-77', 'f', 'joaquin83@example.com', 1, 0, '2004-08-18 07:33:54', '1990-10-30 19:55:58');
INSERT INTO `users` (`id`, `appeal`, `first_name`, `last_name`, `phone`, `gender`, `email`, `smoking_in_the_room`, `business_traveler`, `created_at`, `updated_at`) VALUES (12, 'Prof.', 'Destiney', 'Harris', '+7 (989) 648-51-50', 'f', 'demetris.vonrueden@example.com', 1, 1, '2007-08-04 15:43:17', '1970-09-12 15:19:48');
INSERT INTO `users` (`id`, `appeal`, `first_name`, `last_name`, `phone`, `gender`, `email`, `smoking_in_the_room`, `business_traveler`, `created_at`, `updated_at`) VALUES (13, 'Miss', 'Georgianna', 'Osinski', '+7 (835) 511-11-52', 'f', 'marian87@example.com', 0, 0, '1993-06-08 08:54:58', '1978-03-01 02:20:45');
INSERT INTO `users` (`id`, `appeal`, `first_name`, `last_name`, `phone`, `gender`, `email`, `smoking_in_the_room`, `business_traveler`, `created_at`, `updated_at`) VALUES (14, 'Dr.', 'Mac', 'Ratke', '+7 (960) 705-59-66', 'f', 'blick.giovanni@example.com', 1, 1, '1992-01-24 08:00:53', '2005-07-06 23:40:41');
INSERT INTO `users` (`id`, `appeal`, `first_name`, `last_name`, `phone`, `gender`, `email`, `smoking_in_the_room`, `business_traveler`, `created_at`, `updated_at`) VALUES (15, 'Prof.', 'Gordon', 'Erdman', '+7 (341) 151-91-74', 'f', 'ejacobi@example.com', 1, 0, '1992-12-13 22:11:01', '1976-09-17 19:25:14');
INSERT INTO `users` (`id`, `appeal`, `first_name`, `last_name`, `phone`, `gender`, `email`, `smoking_in_the_room`, `business_traveler`, `created_at`, `updated_at`) VALUES (16, 'Dr.', 'Arch', 'Stark', '+7 (347) 727-25-70', 'm', 'leopoldo.hermann@example.org', 1, 1, '1973-04-28 21:26:51', '1992-11-07 23:05:58');
INSERT INTO `users` (`id`, `appeal`, `first_name`, `last_name`, `phone`, `gender`, `email`, `smoking_in_the_room`, `business_traveler`, `created_at`, `updated_at`) VALUES (17, 'Ms.', 'Rylan', 'Bins', '+7 (385) 629-97-87', 'm', 'wbogisich@example.com', 1, 0, '1987-09-02 08:26:53', '2001-11-01 15:20:12');
INSERT INTO `users` (`id`, `appeal`, `first_name`, `last_name`, `phone`, `gender`, `email`, `smoking_in_the_room`, `business_traveler`, `created_at`, `updated_at`) VALUES (18, 'Mr.', 'Nannie', 'Torp', '+7 (979) 119-63-87', 'f', 'genesis84@example.com', 0, 0, '1981-10-14 22:04:19', '1992-12-18 15:01:15');
INSERT INTO `users` (`id`, `appeal`, `first_name`, `last_name`, `phone`, `gender`, `email`, `smoking_in_the_room`, `business_traveler`, `created_at`, `updated_at`) VALUES (19, 'Prof.', 'Rosetta', 'Moen', '+7 (395) 932-65-75', 'm', 'patricia10@example.org', 0, 0, '2004-12-09 00:25:11', '1993-07-17 06:50:48');
INSERT INTO `users` (`id`, `appeal`, `first_name`, `last_name`, `phone`, `gender`, `email`, `smoking_in_the_room`, `business_traveler`, `created_at`, `updated_at`) VALUES (20, 'Ms.', 'Giuseppe', 'Brown', '+7 (821) 371-34-89', 'm', 'eleanore31@example.org', 1, 1, '2017-03-10 17:20:45', '2001-12-06 13:47:02');
INSERT INTO `users` (`id`, `appeal`, `first_name`, `last_name`, `phone`, `gender`, `email`, `smoking_in_the_room`, `business_traveler`, `created_at`, `updated_at`) VALUES (21, 'Prof.', 'Judy', 'Hintz', '+7 (978) 616-03-66', 'm', 'parker.alexander@example.org', 1, 1, '1979-01-11 11:28:43', '2008-12-03 11:19:36');
INSERT INTO `users` (`id`, `appeal`, `first_name`, `last_name`, `phone`, `gender`, `email`, `smoking_in_the_room`, `business_traveler`, `created_at`, `updated_at`) VALUES (22, 'Mrs.', 'Caroline', 'Kreiger', '+7 (352) 304-76-45', 'm', 'moses87@example.org', 1, 0, '1990-01-29 12:25:56', '2003-07-15 12:14:41');
INSERT INTO `users` (`id`, `appeal`, `first_name`, `last_name`, `phone`, `gender`, `email`, `smoking_in_the_room`, `business_traveler`, `created_at`, `updated_at`) VALUES (23, 'Dr.', 'Avery', 'Romaguera', '+7 (962) 702-19-03', 'f', 'froob@example.net', 1, 0, '1984-02-09 13:13:15', '1995-02-16 18:29:00');
INSERT INTO `users` (`id`, `appeal`, `first_name`, `last_name`, `phone`, `gender`, `email`, `smoking_in_the_room`, `business_traveler`, `created_at`, `updated_at`) VALUES (24, 'Dr.', 'Edd', 'Stoltenberg', '+7 (939) 515-36-52', 'f', 'xlowe@example.net', 0, 1, '1977-09-27 11:07:52', '1991-06-10 05:06:19');
INSERT INTO `users` (`id`, `appeal`, `first_name`, `last_name`, `phone`, `gender`, `email`, `smoking_in_the_room`, `business_traveler`, `created_at`, `updated_at`) VALUES (25, 'Mrs.', 'Burnice', 'Goldner', '+7 (869) 984-93-38', 'f', 'hoeger.newton@example.org', 0, 1, '1995-03-27 12:52:08', '1971-06-23 22:32:13');
INSERT INTO `users` (`id`, `appeal`, `first_name`, `last_name`, `phone`, `gender`, `email`, `smoking_in_the_room`, `business_traveler`, `created_at`, `updated_at`) VALUES (26, 'Mrs.', 'Mohammad', 'Rau', '+7 (394) 617-06-70', 'm', 'harmony70@example.com', 0, 0, '2002-08-20 08:21:26', '2002-02-18 22:51:23');
INSERT INTO `users` (`id`, `appeal`, `first_name`, `last_name`, `phone`, `gender`, `email`, `smoking_in_the_room`, `business_traveler`, `created_at`, `updated_at`) VALUES (27, 'Prof.', 'Matilda', 'Flatley', '+7 (968) 204-78-34', 'f', 'oconner.sophia@example.org', 0, 1, '2014-08-21 15:52:23', '1987-05-14 01:41:40');
INSERT INTO `users` (`id`, `appeal`, `first_name`, `last_name`, `phone`, `gender`, `email`, `smoking_in_the_room`, `business_traveler`, `created_at`, `updated_at`) VALUES (28, 'Prof.', 'Heloise', 'Ondricka', '+7 (979) 500-81-38', 'm', 'carlo15@example.net', 1, 1, '1994-03-29 18:44:58', '1999-05-17 16:46:07');
INSERT INTO `users` (`id`, `appeal`, `first_name`, `last_name`, `phone`, `gender`, `email`, `smoking_in_the_room`, `business_traveler`, `created_at`, `updated_at`) VALUES (29, 'Mr.', 'Marguerite', 'DuBuque', '+7 (387) 277-90-51', 'm', 'vita.bernhard@example.org', 1, 0, '1973-08-26 22:15:20', '2015-12-29 03:37:29');
INSERT INTO `users` (`id`, `appeal`, `first_name`, `last_name`, `phone`, `gender`, `email`, `smoking_in_the_room`, `business_traveler`, `created_at`, `updated_at`) VALUES (30, 'Prof.', 'Diana', 'Kub', '+7 (395) 351-75-55', 'm', 'velda.gulgowski@example.org', 1, 0, '2010-03-12 10:22:41', '1979-04-02 20:10:33');
INSERT INTO `users` (`id`, `appeal`, `first_name`, `last_name`, `phone`, `gender`, `email`, `smoking_in_the_room`, `business_traveler`, `created_at`, `updated_at`) VALUES (31, 'Mr.', 'Camden', 'Harvey', '+7 (352) 446-84-65', 'm', 'petra87@example.org', 1, 1, '2002-12-09 11:17:17', '1981-11-08 18:43:43');
INSERT INTO `users` (`id`, `appeal`, `first_name`, `last_name`, `phone`, `gender`, `email`, `smoking_in_the_room`, `business_traveler`, `created_at`, `updated_at`) VALUES (32, 'Prof.', 'Jarrell', 'Harber', '+7 (481) 150-03-21', 'f', 'alexandre97@example.com', 0, 1, '2006-10-18 04:13:41', '2008-10-15 17:53:02');
INSERT INTO `users` (`id`, `appeal`, `first_name`, `last_name`, `phone`, `gender`, `email`, `smoking_in_the_room`, `business_traveler`, `created_at`, `updated_at`) VALUES (33, 'Mrs.', 'Julianne', 'Moen', '+7 (965) 963-75-55', 'f', 'xschuster@example.com', 0, 0, '1986-06-21 06:31:38', '1994-12-20 04:13:00');
INSERT INTO `users` (`id`, `appeal`, `first_name`, `last_name`, `phone`, `gender`, `email`, `smoking_in_the_room`, `business_traveler`, `created_at`, `updated_at`) VALUES (34, 'Dr.', 'Coleman', 'Nader', '+7 (983) 406-10-96', 'm', 'mgrant@example.org', 0, 1, '1990-04-25 08:37:04', '2019-05-13 01:44:12');
INSERT INTO `users` (`id`, `appeal`, `first_name`, `last_name`, `phone`, `gender`, `email`, `smoking_in_the_room`, `business_traveler`, `created_at`, `updated_at`) VALUES (35, 'Mr.', 'Jerome', 'Waelchi', '+7 (952) 226-87-97', 'm', 'jones.nyasia@example.org', 1, 0, '1991-03-13 03:22:03', '1988-09-11 09:29:25');
INSERT INTO `users` (`id`, `appeal`, `first_name`, `last_name`, `phone`, `gender`, `email`, `smoking_in_the_room`, `business_traveler`, `created_at`, `updated_at`) VALUES (36, 'Dr.', 'Athena', 'Koelpin', '+7 (931) 667-88-64', 'f', 'camila00@example.net', 1, 0, '2001-12-13 02:02:42', '2007-07-28 22:37:29');
INSERT INTO `users` (`id`, `appeal`, `first_name`, `last_name`, `phone`, `gender`, `email`, `smoking_in_the_room`, `business_traveler`, `created_at`, `updated_at`) VALUES (37, 'Dr.', 'Theresa', 'Goodwin', '+7 (917) 986-86-95', 'f', 'vbradtke@example.net', 1, 1, '1989-07-20 11:21:27', '2010-05-18 06:05:08');
INSERT INTO `users` (`id`, `appeal`, `first_name`, `last_name`, `phone`, `gender`, `email`, `smoking_in_the_room`, `business_traveler`, `created_at`, `updated_at`) VALUES (38, 'Dr.', 'Emmie', 'Flatley', '+7 (845) 443-45-99', 'f', 'cbogan@example.com', 1, 0, '1984-12-11 17:34:23', '2011-09-21 03:56:54');
INSERT INTO `users` (`id`, `appeal`, `first_name`, `last_name`, `phone`, `gender`, `email`, `smoking_in_the_room`, `business_traveler`, `created_at`, `updated_at`) VALUES (39, 'Ms.', 'Alene', 'Jerde', '+7 (872) 715-94-00', 'f', 'frederique51@example.com', 1, 1, '1993-08-16 19:30:37', '1972-07-27 20:36:16');
INSERT INTO `users` (`id`, `appeal`, `first_name`, `last_name`, `phone`, `gender`, `email`, `smoking_in_the_room`, `business_traveler`, `created_at`, `updated_at`) VALUES (40, 'Mr.', 'Krystal', 'Ondricka', '+7 (869) 313-70-20', 'm', 'stroman.houston@example.net', 0, 1, '2020-05-29 14:52:29', '1989-04-16 11:29:37');
INSERT INTO `users` (`id`, `appeal`, `first_name`, `last_name`, `phone`, `gender`, `email`, `smoking_in_the_room`, `business_traveler`, `created_at`, `updated_at`) VALUES (41, 'Mrs.', 'Alison', 'Bednar', '+7 (924) 298-08-19', 'm', 'jesus84@example.org', 1, 0, '2007-02-07 20:08:01', '1984-10-16 23:21:48');
INSERT INTO `users` (`id`, `appeal`, `first_name`, `last_name`, `phone`, `gender`, `email`, `smoking_in_the_room`, `business_traveler`, `created_at`, `updated_at`) VALUES (42, 'Miss', 'Donato', 'Kunde', '+7 (903) 704-90-46', 'f', 'lcasper@example.net', 0, 1, '2020-04-30 12:14:23', '1985-12-24 20:40:50');
INSERT INTO `users` (`id`, `appeal`, `first_name`, `last_name`, `phone`, `gender`, `email`, `smoking_in_the_room`, `business_traveler`, `created_at`, `updated_at`) VALUES (43, 'Prof.', 'Anabel', 'Waters', '+7 (967) 291-62-80', 'f', 'joanny.heaney@example.org', 0, 1, '2011-02-08 04:17:51', '1999-09-12 00:24:21');
INSERT INTO `users` (`id`, `appeal`, `first_name`, `last_name`, `phone`, `gender`, `email`, `smoking_in_the_room`, `business_traveler`, `created_at`, `updated_at`) VALUES (44, 'Prof.', 'Alisa', 'Gibson', '+7 (863) 264-77-06', 'm', 'goyette.vada@example.net', 1, 1, '2015-09-16 04:46:12', '2012-12-30 12:41:37');
INSERT INTO `users` (`id`, `appeal`, `first_name`, `last_name`, `phone`, `gender`, `email`, `smoking_in_the_room`, `business_traveler`, `created_at`, `updated_at`) VALUES (45, 'Prof.', 'Adrianna', 'Spinka', '+7 (942) 117-44-64', 'f', 'xdurgan@example.net', 0, 0, '1970-08-04 03:07:56', '1990-06-04 06:28:35');
INSERT INTO `users` (`id`, `appeal`, `first_name`, `last_name`, `phone`, `gender`, `email`, `smoking_in_the_room`, `business_traveler`, `created_at`, `updated_at`) VALUES (46, 'Prof.', 'Javon', 'Kassulke', '+7 (998) 962-70-31', 'm', 'tatum08@example.net', 0, 1, '2008-07-15 18:06:00', '2017-06-29 11:45:59');
INSERT INTO `users` (`id`, `appeal`, `first_name`, `last_name`, `phone`, `gender`, `email`, `smoking_in_the_room`, `business_traveler`, `created_at`, `updated_at`) VALUES (47, 'Prof.', 'Graciela', 'Dickens', '+7 (937) 717-64-99', 'f', 'douglas.eliza@example.org', 0, 1, '2003-03-19 11:46:34', '2000-10-23 12:21:48');
INSERT INTO `users` (`id`, `appeal`, `first_name`, `last_name`, `phone`, `gender`, `email`, `smoking_in_the_room`, `business_traveler`, `created_at`, `updated_at`) VALUES (48, 'Dr.', 'Vern', 'Wehner', '+7 (941) 344-66-14', 'm', 'caltenwerth@example.com', 1, 1, '1977-05-22 16:11:21', '2018-09-10 00:27:45');
INSERT INTO `users` (`id`, `appeal`, `first_name`, `last_name`, `phone`, `gender`, `email`, `smoking_in_the_room`, `business_traveler`, `created_at`, `updated_at`) VALUES (49, 'Prof.', 'Ralph', 'Anderson', '+7 (998) 201-03-89', 'f', 'llewellyn.kutch@example.com', 0, 0, '1990-09-03 23:54:43', '2020-03-21 02:29:38');
INSERT INTO `users` (`id`, `appeal`, `first_name`, `last_name`, `phone`, `gender`, `email`, `smoking_in_the_room`, `business_traveler`, `created_at`, `updated_at`) VALUES (50, 'Prof.', 'Elnora', 'Hamill', '+7 (847) 574-11-16', 'f', 'ycummerata@example.com', 0, 1, '1997-04-24 03:05:30', '2016-12-30 15:27:05');
INSERT INTO `users` (`id`, `appeal`, `first_name`, `last_name`, `phone`, `gender`, `email`, `smoking_in_the_room`, `business_traveler`, `created_at`, `updated_at`) VALUES (51, 'Dr.', 'Travon', 'Crona', '+7 (961) 379-39-91', 'f', 'von.whitney@example.net', 0, 1, '1980-06-14 16:41:16', '1996-03-19 23:52:05');
INSERT INTO `users` (`id`, `appeal`, `first_name`, `last_name`, `phone`, `gender`, `email`, `smoking_in_the_room`, `business_traveler`, `created_at`, `updated_at`) VALUES (52, 'Dr.', 'Cortez', 'Kertzmann', '+7 (342) 710-72-37', 'm', 'bernhard.leuschke@example.net', 1, 0, '1998-03-24 18:29:26', '1971-06-17 01:34:15');
INSERT INTO `users` (`id`, `appeal`, `first_name`, `last_name`, `phone`, `gender`, `email`, `smoking_in_the_room`, `business_traveler`, `created_at`, `updated_at`) VALUES (53, 'Mrs.', 'Mireille', 'Cormier', '+7 (980) 649-85-74', 'f', 'ydickens@example.com', 0, 1, '1991-09-05 13:12:06', '1990-09-16 03:53:43');
INSERT INTO `users` (`id`, `appeal`, `first_name`, `last_name`, `phone`, `gender`, `email`, `smoking_in_the_room`, `business_traveler`, `created_at`, `updated_at`) VALUES (54, 'Mr.', 'Dallas', 'OHara', '+7 (911) 473-92-66', 'f', 'cortez26@example.org', 1, 0, '1988-11-10 15:48:57', '2012-01-09 14:22:40');
INSERT INTO `users` (`id`, `appeal`, `first_name`, `last_name`, `phone`, `gender`, `email`, `smoking_in_the_room`, `business_traveler`, `created_at`, `updated_at`) VALUES (55, 'Ms.', 'Oran', 'Kilback', '+7 (978) 521-12-01', 'f', 'heaney.shaniya@example.net', 1, 0, '2003-07-18 22:34:39', '2002-04-10 16:43:49');
INSERT INTO `users` (`id`, `appeal`, `first_name`, `last_name`, `phone`, `gender`, `email`, `smoking_in_the_room`, `business_traveler`, `created_at`, `updated_at`) VALUES (56, 'Prof.', 'Kacie', 'Schamberger', '+7 (987) 413-80-35', 'f', 'schowalter.mallory@example.com', 1, 1, '2014-11-20 19:56:55', '1988-12-12 22:45:51');
INSERT INTO `users` (`id`, `appeal`, `first_name`, `last_name`, `phone`, `gender`, `email`, `smoking_in_the_room`, `business_traveler`, `created_at`, `updated_at`) VALUES (57, 'Prof.', 'Yasmin', 'Baumbach', '+7 (416) 699-57-45', 'm', 'heather.schimmel@example.com', 0, 0, '1998-05-23 01:00:35', '2012-10-06 10:03:09');
INSERT INTO `users` (`id`, `appeal`, `first_name`, `last_name`, `phone`, `gender`, `email`, `smoking_in_the_room`, `business_traveler`, `created_at`, `updated_at`) VALUES (58, 'Prof.', 'Ava', 'Mertz', '+7 (928) 623-12-32', 'm', 'chloe.gulgowski@example.net', 1, 1, '1995-06-23 13:01:59', '2015-10-20 23:09:45');
INSERT INTO `users` (`id`, `appeal`, `first_name`, `last_name`, `phone`, `gender`, `email`, `smoking_in_the_room`, `business_traveler`, `created_at`, `updated_at`) VALUES (59, 'Ms.', 'Bell', 'Hickle', '+7 (914) 166-99-35', 'f', 'tamara.jast@example.com', 0, 1, '2006-06-21 13:24:14', '2010-11-07 16:16:22');
INSERT INTO `users` (`id`, `appeal`, `first_name`, `last_name`, `phone`, `gender`, `email`, `smoking_in_the_room`, `business_traveler`, `created_at`, `updated_at`) VALUES (60, 'Mrs.', 'Ida', 'Reichert', '+7 (483) 289-52-33', 'm', 'ankunding.astrid@example.org', 0, 1, '1984-06-21 20:40:51', '1991-04-20 19:31:34');
INSERT INTO `users` (`id`, `appeal`, `first_name`, `last_name`, `phone`, `gender`, `email`, `smoking_in_the_room`, `business_traveler`, `created_at`, `updated_at`) VALUES (61, 'Prof.', 'Crystal', 'Hermann', '+7 (427) 483-94-77', 'm', 'vaughn.skiles@example.net', 1, 0, '2004-09-28 02:59:31', '1987-04-28 01:48:20');
INSERT INTO `users` (`id`, `appeal`, `first_name`, `last_name`, `phone`, `gender`, `email`, `smoking_in_the_room`, `business_traveler`, `created_at`, `updated_at`) VALUES (62, 'Miss', 'David', 'Jakubowski', '+7 (475) 364-18-53', 'f', 'hemmerich@example.org', 1, 1, '1999-12-12 19:27:01', '1970-01-02 00:26:03');
INSERT INTO `users` (`id`, `appeal`, `first_name`, `last_name`, `phone`, `gender`, `email`, `smoking_in_the_room`, `business_traveler`, `created_at`, `updated_at`) VALUES (63, 'Dr.', 'Audra', 'Bins', '+7 (900) 752-72-55', 'f', 'dylan75@example.com', 0, 1, '1985-08-17 00:42:22', '1972-05-04 01:16:56');
INSERT INTO `users` (`id`, `appeal`, `first_name`, `last_name`, `phone`, `gender`, `email`, `smoking_in_the_room`, `business_traveler`, `created_at`, `updated_at`) VALUES (64, 'Ms.', 'Princess', 'McLaughlin', '+7 (959) 227-29-02', 'f', 'kirsten20@example.com', 1, 0, '2011-06-20 04:48:20', '2002-05-27 00:14:21');
INSERT INTO `users` (`id`, `appeal`, `first_name`, `last_name`, `phone`, `gender`, `email`, `smoking_in_the_room`, `business_traveler`, `created_at`, `updated_at`) VALUES (65, 'Miss', 'Reynold', 'Larkin', '+7 (988) 205-71-34', 'm', 'xwelch@example.org', 1, 0, '1983-08-14 20:44:46', '1977-11-04 12:00:01');
INSERT INTO `users` (`id`, `appeal`, `first_name`, `last_name`, `phone`, `gender`, `email`, `smoking_in_the_room`, `business_traveler`, `created_at`, `updated_at`) VALUES (66, 'Ms.', 'David', 'Wolf', '+7 (908) 808-65-01', 'f', 'kemmer.curt@example.com', 0, 0, '2009-09-20 09:47:03', '1999-10-13 00:09:10');
INSERT INTO `users` (`id`, `appeal`, `first_name`, `last_name`, `phone`, `gender`, `email`, `smoking_in_the_room`, `business_traveler`, `created_at`, `updated_at`) VALUES (67, 'Dr.', 'Muhammad', 'McKenzie', '+7 (846) 173-47-38', 'm', 'shanelle24@example.net', 1, 1, '2012-07-04 18:31:27', '1996-09-23 14:10:48');
INSERT INTO `users` (`id`, `appeal`, `first_name`, `last_name`, `phone`, `gender`, `email`, `smoking_in_the_room`, `business_traveler`, `created_at`, `updated_at`) VALUES (68, 'Prof.', 'Audreanne', 'Hessel', '+7 (953) 328-98-78', 'm', 'feil.humberto@example.net', 1, 1, '1988-07-01 22:35:59', '1997-05-14 20:19:36');
INSERT INTO `users` (`id`, `appeal`, `first_name`, `last_name`, `phone`, `gender`, `email`, `smoking_in_the_room`, `business_traveler`, `created_at`, `updated_at`) VALUES (69, 'Mr.', 'Mia', 'Carroll', '+7 (941) 197-84-99', 'f', 'walker.barney@example.net', 1, 1, '1991-01-04 08:14:53', '1991-10-25 21:02:58');
INSERT INTO `users` (`id`, `appeal`, `first_name`, `last_name`, `phone`, `gender`, `email`, `smoking_in_the_room`, `business_traveler`, `created_at`, `updated_at`) VALUES (70, 'Miss', 'Tate', 'Greenholt', '+7 (977) 877-53-36', 'f', 'winona.ortiz@example.com', 1, 1, '1970-02-25 00:32:02', '2002-12-11 15:32:47');
INSERT INTO `users` (`id`, `appeal`, `first_name`, `last_name`, `phone`, `gender`, `email`, `smoking_in_the_room`, `business_traveler`, `created_at`, `updated_at`) VALUES (71, 'Prof.', 'Danial', 'Kessler', '+7 (950) 177-77-22', 'm', 'effertz.jade@example.com', 1, 1, '1979-02-26 09:53:03', '1985-08-18 03:55:58');
INSERT INTO `users` (`id`, `appeal`, `first_name`, `last_name`, `phone`, `gender`, `email`, `smoking_in_the_room`, `business_traveler`, `created_at`, `updated_at`) VALUES (72, 'Prof.', 'Estevan', 'Robel', '+7 (928) 313-59-97', 'f', 'nkub@example.org', 1, 0, '2002-03-08 23:31:48', '2014-10-12 06:12:49');
INSERT INTO `users` (`id`, `appeal`, `first_name`, `last_name`, `phone`, `gender`, `email`, `smoking_in_the_room`, `business_traveler`, `created_at`, `updated_at`) VALUES (73, 'Mr.', 'Merle', 'White', '+7 (413) 860-26-79', 'f', 'yvette41@example.com', 0, 1, '1985-06-22 22:48:18', '1993-02-27 00:12:11');
INSERT INTO `users` (`id`, `appeal`, `first_name`, `last_name`, `phone`, `gender`, `email`, `smoking_in_the_room`, `business_traveler`, `created_at`, `updated_at`) VALUES (74, 'Prof.', 'Jayce', 'McDermott', '+7 (933) 792-85-21', 'f', 'gziemann@example.com', 1, 0, '1989-04-29 10:42:10', '1989-05-09 23:57:16');
INSERT INTO `users` (`id`, `appeal`, `first_name`, `last_name`, `phone`, `gender`, `email`, `smoking_in_the_room`, `business_traveler`, `created_at`, `updated_at`) VALUES (75, 'Dr.', 'Marcelino', 'Smitham', '+7 (969) 594-05-30', 'f', 'hruecker@example.org', 1, 1, '2002-04-04 20:01:28', '2000-05-30 21:58:40');
INSERT INTO `users` (`id`, `appeal`, `first_name`, `last_name`, `phone`, `gender`, `email`, `smoking_in_the_room`, `business_traveler`, `created_at`, `updated_at`) VALUES (76, 'Prof.', 'Alvina', 'Douglas', '+7 (496) 453-75-58', 'm', 'rskiles@example.net', 0, 1, '2003-11-24 19:03:53', '1976-02-08 10:00:01');
INSERT INTO `users` (`id`, `appeal`, `first_name`, `last_name`, `phone`, `gender`, `email`, `smoking_in_the_room`, `business_traveler`, `created_at`, `updated_at`) VALUES (77, 'Dr.', 'Margret', 'Leffler', '+7 (987) 831-55-62', 'f', 'keaton16@example.com', 1, 0, '1980-02-04 11:19:54', '1998-01-28 19:53:38');
INSERT INTO `users` (`id`, `appeal`, `first_name`, `last_name`, `phone`, `gender`, `email`, `smoking_in_the_room`, `business_traveler`, `created_at`, `updated_at`) VALUES (78, 'Mr.', 'Herta', 'Block', '+7 (483) 159-87-14', 'f', 'tatum56@example.com', 1, 1, '1988-03-09 08:21:42', '1977-10-23 10:44:16');
INSERT INTO `users` (`id`, `appeal`, `first_name`, `last_name`, `phone`, `gender`, `email`, `smoking_in_the_room`, `business_traveler`, `created_at`, `updated_at`) VALUES (79, 'Dr.', 'Vicky', 'Pagac', '+7 (496) 225-86-67', 'm', 'jimmy.ohara@example.org', 1, 0, '1977-04-15 01:58:16', '1991-10-03 16:31:55');
INSERT INTO `users` (`id`, `appeal`, `first_name`, `last_name`, `phone`, `gender`, `email`, `smoking_in_the_room`, `business_traveler`, `created_at`, `updated_at`) VALUES (80, 'Dr.', 'Raul', 'Leffler', '+7 (999) 625-67-51', 'm', 'neha87@example.com', 0, 0, '2019-03-04 13:14:09', '1982-02-21 05:59:58');
INSERT INTO `users` (`id`, `appeal`, `first_name`, `last_name`, `phone`, `gender`, `email`, `smoking_in_the_room`, `business_traveler`, `created_at`, `updated_at`) VALUES (81, 'Miss', 'Niko', 'Larkin', '+7 (998) 527-30-33', 'm', 'orn.westley@example.org', 0, 0, '2011-03-16 10:41:21', '2004-12-19 09:12:38');
INSERT INTO `users` (`id`, `appeal`, `first_name`, `last_name`, `phone`, `gender`, `email`, `smoking_in_the_room`, `business_traveler`, `created_at`, `updated_at`) VALUES (82, 'Ms.', 'Georgette', 'Senger', '+7 (846) 785-26-06', 'f', 'keeley.miller@example.net', 0, 0, '1991-07-07 04:42:08', '2012-09-13 11:45:11');
INSERT INTO `users` (`id`, `appeal`, `first_name`, `last_name`, `phone`, `gender`, `email`, `smoking_in_the_room`, `business_traveler`, `created_at`, `updated_at`) VALUES (83, 'Prof.', 'Kelsie', 'Ritchie', '+7 (820) 376-08-47', 'f', 'erica.grady@example.com', 1, 0, '2010-11-09 09:51:47', '1984-10-02 13:44:51');
INSERT INTO `users` (`id`, `appeal`, `first_name`, `last_name`, `phone`, `gender`, `email`, `smoking_in_the_room`, `business_traveler`, `created_at`, `updated_at`) VALUES (84, 'Prof.', 'Kevin', 'McLaughlin', '+7 (835) 281-16-72', 'm', 'sim09@example.com', 1, 1, '2016-04-22 08:58:37', '2009-02-09 05:58:32');
INSERT INTO `users` (`id`, `appeal`, `first_name`, `last_name`, `phone`, `gender`, `email`, `smoking_in_the_room`, `business_traveler`, `created_at`, `updated_at`) VALUES (85, 'Prof.', 'Antoinette', 'Dooley', '+7 (865) 852-82-39', 'm', 'shyanne.walsh@example.org', 0, 1, '2002-07-14 14:27:35', '2016-09-23 00:39:56');
INSERT INTO `users` (`id`, `appeal`, `first_name`, `last_name`, `phone`, `gender`, `email`, `smoking_in_the_room`, `business_traveler`, `created_at`, `updated_at`) VALUES (86, 'Mr.', 'Hailie', 'Kuhn', '+7 (912) 194-03-23', 'm', 'fortiz@example.net', 1, 0, '2016-08-27 17:16:32', '1998-08-15 09:13:57');
INSERT INTO `users` (`id`, `appeal`, `first_name`, `last_name`, `phone`, `gender`, `email`, `smoking_in_the_room`, `business_traveler`, `created_at`, `updated_at`) VALUES (87, 'Mrs.', 'Meghan', 'Greenfelder', '+7 (999) 357-21-54', 'f', 'stroman.anibal@example.org', 1, 1, '1993-12-24 09:08:32', '2004-02-22 05:27:32');
INSERT INTO `users` (`id`, `appeal`, `first_name`, `last_name`, `phone`, `gender`, `email`, `smoking_in_the_room`, `business_traveler`, `created_at`, `updated_at`) VALUES (88, 'Dr.', 'Heather', 'Watsica', '+7 (865) 641-37-64', 'f', 'josephine.bogisich@example.com', 1, 1, '2012-05-30 20:09:35', '2007-11-05 20:58:21');
INSERT INTO `users` (`id`, `appeal`, `first_name`, `last_name`, `phone`, `gender`, `email`, `smoking_in_the_room`, `business_traveler`, `created_at`, `updated_at`) VALUES (89, 'Mrs.', 'Jefferey', 'McDermott', '+7 (940) 269-53-89', 'm', 'joanne.pouros@example.org', 0, 0, '1971-09-18 03:36:09', '2004-05-11 08:28:39');
INSERT INTO `users` (`id`, `appeal`, `first_name`, `last_name`, `phone`, `gender`, `email`, `smoking_in_the_room`, `business_traveler`, `created_at`, `updated_at`) VALUES (90, 'Dr.', 'Koby', 'Dach', '+7 (991) 181-92-61', 'm', 'janis.watsica@example.net', 0, 1, '1989-08-05 17:46:28', '1984-05-04 02:18:02');
INSERT INTO `users` (`id`, `appeal`, `first_name`, `last_name`, `phone`, `gender`, `email`, `smoking_in_the_room`, `business_traveler`, `created_at`, `updated_at`) VALUES (91, 'Prof.', 'Jorge', 'Bayer', '+7 (959) 904-05-13', 'm', 'idella83@example.com', 1, 0, '2018-04-16 05:57:40', '2010-03-30 10:45:38');
INSERT INTO `users` (`id`, `appeal`, `first_name`, `last_name`, `phone`, `gender`, `email`, `smoking_in_the_room`, `business_traveler`, `created_at`, `updated_at`) VALUES (92, 'Prof.', 'Khalid', 'Koch', '+7 (916) 198-52-72', 'f', 'emard.alanna@example.net', 1, 1, '1985-08-10 04:04:52', '1972-03-20 23:10:26');
INSERT INTO `users` (`id`, `appeal`, `first_name`, `last_name`, `phone`, `gender`, `email`, `smoking_in_the_room`, `business_traveler`, `created_at`, `updated_at`) VALUES (93, 'Prof.', 'Augustine', 'Gorczany', '+7 (998) 968-10-04', 'm', 'boyle.emma@example.org', 1, 1, '1976-04-18 10:45:26', '1973-02-07 00:31:58');
INSERT INTO `users` (`id`, `appeal`, `first_name`, `last_name`, `phone`, `gender`, `email`, `smoking_in_the_room`, `business_traveler`, `created_at`, `updated_at`) VALUES (94, 'Prof.', 'Celine', 'Turcotte', '+7 (940) 133-88-16', 'm', 'hschmitt@example.org', 0, 0, '2007-02-02 00:33:19', '2006-12-01 06:01:28');
INSERT INTO `users` (`id`, `appeal`, `first_name`, `last_name`, `phone`, `gender`, `email`, `smoking_in_the_room`, `business_traveler`, `created_at`, `updated_at`) VALUES (95, 'Ms.', 'Prince', 'OReilly', '+7 (841) 110-46-79', 'f', 'rframi@example.com', 1, 0, '2001-03-14 21:47:33', '2017-04-06 22:53:13');
INSERT INTO `users` (`id`, `appeal`, `first_name`, `last_name`, `phone`, `gender`, `email`, `smoking_in_the_room`, `business_traveler`, `created_at`, `updated_at`) VALUES (96, 'Ms.', 'Ricardo', 'Lynch', '+7 (932) 948-55-62', 'm', 'gbogisich@example.com', 0, 0, '1995-05-26 01:21:05', '1985-03-11 23:35:32');
INSERT INTO `users` (`id`, `appeal`, `first_name`, `last_name`, `phone`, `gender`, `email`, `smoking_in_the_room`, `business_traveler`, `created_at`, `updated_at`) VALUES (97, 'Mr.', 'Ana', 'Durgan', '+7 (907) 718-33-36', 'm', 'jwillms@example.net', 0, 1, '1975-10-30 13:36:38', '1983-01-09 00:24:27');
INSERT INTO `users` (`id`, `appeal`, `first_name`, `last_name`, `phone`, `gender`, `email`, `smoking_in_the_room`, `business_traveler`, `created_at`, `updated_at`) VALUES (98, 'Miss', 'Jeremy', 'Blanda', '+7 (472) 252-83-23', 'f', 'prohaska.johnson@example.net', 1, 1, '1977-07-18 05:50:43', '1996-11-07 17:08:05');
INSERT INTO `users` (`id`, `appeal`, `first_name`, `last_name`, `phone`, `gender`, `email`, `smoking_in_the_room`, `business_traveler`, `created_at`, `updated_at`) VALUES (99, 'Ms.', 'Brant', 'Friesen', '+7 (336) 938-13-62', 'f', 'ikeeling@example.com', 1, 1, '2013-07-30 13:16:42', '2019-06-29 08:28:22');
INSERT INTO `users` (`id`, `appeal`, `first_name`, `last_name`, `phone`, `gender`, `email`, `smoking_in_the_room`, `business_traveler`, `created_at`, `updated_at`) VALUES (100, 'Dr.', 'Erling', 'Parker', '+7 (848) 425-62-63', 'm', 'bwelch@example.com', 0, 0, '1998-02-24 19:17:18', '2013-01-31 00:04:03');
INSERT INTO `users` (`id`, `appeal`, `first_name`, `last_name`, `phone`, `gender`, `email`, `smoking_in_the_room`, `business_traveler`, `created_at`, `updated_at`) VALUES (101, 'Dr.', 'Brenden', 'White', '+7 (814) 748-94-90', 'f', 'qkirlin@example.org', 1, 0, '1989-07-06 19:19:00', '1981-05-24 12:56:10');
INSERT INTO `users` (`id`, `appeal`, `first_name`, `last_name`, `phone`, `gender`, `email`, `smoking_in_the_room`, `business_traveler`, `created_at`, `updated_at`) VALUES (102, 'Miss', 'Eva', 'Kunze', '+7 (347) 429-20-32', 'm', 'vandervort.maci@example.net', 1, 0, '2018-01-28 05:53:41', '2006-11-22 16:03:23');
INSERT INTO `users` (`id`, `appeal`, `first_name`, `last_name`, `phone`, `gender`, `email`, `smoking_in_the_room`, `business_traveler`, `created_at`, `updated_at`) VALUES (103, 'Dr.', 'Terrill', 'OConnell', '+7 (401) 291-73-82', 'm', 'parker.terence@example.net', 1, 0, '1972-06-26 19:46:21', '1970-10-30 01:23:40');
INSERT INTO `users` (`id`, `appeal`, `first_name`, `last_name`, `phone`, `gender`, `email`, `smoking_in_the_room`, `business_traveler`, `created_at`, `updated_at`) VALUES (104, 'Ms.', 'Juliana', 'Glover', '+7 (928) 660-29-81', 'm', 'monique.gislason@example.org', 1, 1, '1972-07-07 23:56:19', '1985-05-07 10:39:41');
INSERT INTO `users` (`id`, `appeal`, `first_name`, `last_name`, `phone`, `gender`, `email`, `smoking_in_the_room`, `business_traveler`, `created_at`, `updated_at`) VALUES (105, 'Mr.', 'Andreanne', 'Turner', '+7 (978) 326-28-53', 'm', 'gene58@example.org', 1, 0, '1976-10-09 06:16:19', '2012-04-04 14:08:55');
INSERT INTO `users` (`id`, `appeal`, `first_name`, `last_name`, `phone`, `gender`, `email`, `smoking_in_the_room`, `business_traveler`, `created_at`, `updated_at`) VALUES (106, 'Dr.', 'Octavia', 'Ruecker', '+7 (966) 781-43-42', 'f', 'farrell.zechariah@example.com', 1, 1, '2012-08-17 02:45:43', '2001-10-09 07:30:44');
INSERT INTO `users` (`id`, `appeal`, `first_name`, `last_name`, `phone`, `gender`, `email`, `smoking_in_the_room`, `business_traveler`, `created_at`, `updated_at`) VALUES (107, 'Prof.', 'Keenan', 'Price', '+7 (872) 918-96-84', 'f', 'williamson.nakia@example.org', 0, 0, '1986-09-02 22:58:48', '1974-11-17 10:15:52');
INSERT INTO `users` (`id`, `appeal`, `first_name`, `last_name`, `phone`, `gender`, `email`, `smoking_in_the_room`, `business_traveler`, `created_at`, `updated_at`) VALUES (108, 'Mr.', 'Sasha', 'Hane', '+7 (902) 269-46-16', 'm', 'homenick.ignacio@example.com', 1, 1, '1987-09-24 09:02:40', '2007-01-11 13:27:22');
INSERT INTO `users` (`id`, `appeal`, `first_name`, `last_name`, `phone`, `gender`, `email`, `smoking_in_the_room`, `business_traveler`, `created_at`, `updated_at`) VALUES (109, 'Ms.', 'Abbey', 'Greenholt', '+7 (984) 522-04-41', 'm', 'sylvia.batz@example.org', 0, 1, '1997-07-27 02:32:28', '2003-01-08 19:01:56');
INSERT INTO `users` (`id`, `appeal`, `first_name`, `last_name`, `phone`, `gender`, `email`, `smoking_in_the_room`, `business_traveler`, `created_at`, `updated_at`) VALUES (110, 'Dr.', 'Immanuel', 'Heller', '+7 (391) 524-34-27', 'f', 'cristian.reinger@example.com', 1, 0, '2018-12-19 14:58:15', '2005-04-12 11:24:14');
INSERT INTO `users` (`id`, `appeal`, `first_name`, `last_name`, `phone`, `gender`, `email`, `smoking_in_the_room`, `business_traveler`, `created_at`, `updated_at`) VALUES (111, 'Dr.', 'Lorenza', 'DAmore', '+7 (904) 620-61-44', 'm', 'eohara@example.org', 0, 0, '1980-04-20 22:42:01', '1984-12-28 21:59:03');
INSERT INTO `users` (`id`, `appeal`, `first_name`, `last_name`, `phone`, `gender`, `email`, `smoking_in_the_room`, `business_traveler`, `created_at`, `updated_at`) VALUES (112, 'Dr.', 'Florence', 'Farrell', '+7 (975) 268-32-90', 'm', 'clementine.wintheiser@example.net', 1, 0, '1994-10-22 12:30:37', '2000-08-08 15:41:18');
INSERT INTO `users` (`id`, `appeal`, `first_name`, `last_name`, `phone`, `gender`, `email`, `smoking_in_the_room`, `business_traveler`, `created_at`, `updated_at`) VALUES (113, 'Ms.', 'Angelina', 'Pollich', '+7 (846) 638-13-44', 'f', 'pparisian@example.net', 0, 1, '2012-11-21 23:01:20', '2001-03-04 16:32:13');
INSERT INTO `users` (`id`, `appeal`, `first_name`, `last_name`, `phone`, `gender`, `email`, `smoking_in_the_room`, `business_traveler`, `created_at`, `updated_at`) VALUES (114, 'Dr.', 'Anahi', 'Little', '+7 (863) 863-83-24', 'f', 'newton88@example.com', 0, 1, '2014-08-22 09:37:36', '2009-11-05 21:30:11');
INSERT INTO `users` (`id`, `appeal`, `first_name`, `last_name`, `phone`, `gender`, `email`, `smoking_in_the_room`, `business_traveler`, `created_at`, `updated_at`) VALUES (115, 'Dr.', 'Garrison', 'Yundt', '+7 (929) 917-52-96', 'f', 'jordan.feil@example.org', 1, 0, '1986-11-11 23:23:17', '1987-02-12 13:09:02');
INSERT INTO `users` (`id`, `appeal`, `first_name`, `last_name`, `phone`, `gender`, `email`, `smoking_in_the_room`, `business_traveler`, `created_at`, `updated_at`) VALUES (116, 'Dr.', 'Raquel', 'Senger', '+7 (845) 545-35-71', 'f', 'windler.carlie@example.com', 1, 1, '1980-05-03 21:07:04', '2014-06-10 00:52:12');
INSERT INTO `users` (`id`, `appeal`, `first_name`, `last_name`, `phone`, `gender`, `email`, `smoking_in_the_room`, `business_traveler`, `created_at`, `updated_at`) VALUES (117, 'Miss', 'Shea', 'Goodwin', '+7 (495) 164-90-15', 'm', 'king.maurine@example.net', 0, 0, '1974-08-20 13:35:57', '1989-06-25 23:01:46');
INSERT INTO `users` (`id`, `appeal`, `first_name`, `last_name`, `phone`, `gender`, `email`, `smoking_in_the_room`, `business_traveler`, `created_at`, `updated_at`) VALUES (118, 'Mr.', 'Makenzie', 'Murray', '+7 (942) 959-40-84', 'f', 'sean92@example.net', 0, 1, '2015-08-24 23:45:35', '1979-07-09 07:46:21');
INSERT INTO `users` (`id`, `appeal`, `first_name`, `last_name`, `phone`, `gender`, `email`, `smoking_in_the_room`, `business_traveler`, `created_at`, `updated_at`) VALUES (119, 'Mr.', 'Bell', 'Muller', '+7 (921) 600-53-35', 'm', 'tressa.reilly@example.net', 0, 0, '1976-02-03 19:13:52', '1999-11-08 20:48:32');
INSERT INTO `users` (`id`, `appeal`, `first_name`, `last_name`, `phone`, `gender`, `email`, `smoking_in_the_room`, `business_traveler`, `created_at`, `updated_at`) VALUES (120, 'Dr.', 'Ottis', 'Stoltenberg', '+7 (866) 310-59-99', 'f', 'stanford86@example.org', 0, 0, '2011-05-07 21:49:47', '1971-02-02 07:07:31');
INSERT INTO `users` (`id`, `appeal`, `first_name`, `last_name`, `phone`, `gender`, `email`, `smoking_in_the_room`, `business_traveler`, `created_at`, `updated_at`) VALUES (121, 'Dr.', 'Elinor', 'Beahan', '+7 (901) 548-20-35', 'f', 'eschmeler@example.net', 1, 0, '1973-09-18 07:58:26', '1990-08-10 22:13:23');
INSERT INTO `users` (`id`, `appeal`, `first_name`, `last_name`, `phone`, `gender`, `email`, `smoking_in_the_room`, `business_traveler`, `created_at`, `updated_at`) VALUES (122, 'Ms.', 'Carmel', 'Keebler', '+7 (385) 705-54-16', 'm', 'francisca.tillman@example.com', 1, 1, '1990-10-17 19:47:42', '2008-06-09 19:51:40');
INSERT INTO `users` (`id`, `appeal`, `first_name`, `last_name`, `phone`, `gender`, `email`, `smoking_in_the_room`, `business_traveler`, `created_at`, `updated_at`) VALUES (123, 'Prof.', 'Lincoln', 'Jaskolski', '+7 (959) 139-74-76', 'f', 'bill.torp@example.org', 0, 0, '1979-06-07 02:16:07', '2017-03-31 03:45:46');
INSERT INTO `users` (`id`, `appeal`, `first_name`, `last_name`, `phone`, `gender`, `email`, `smoking_in_the_room`, `business_traveler`, `created_at`, `updated_at`) VALUES (124, 'Mr.', 'Darrion', 'King', '+7 (395) 752-78-98', 'm', 'ikuhn@example.org', 1, 1, '1998-03-19 11:02:15', '2011-09-17 05:43:05');
INSERT INTO `users` (`id`, `appeal`, `first_name`, `last_name`, `phone`, `gender`, `email`, `smoking_in_the_room`, `business_traveler`, `created_at`, `updated_at`) VALUES (125, 'Dr.', 'Freeda', 'Stiedemann', '+7 (902) 214-55-49', 'm', 'earnest.oconner@example.com', 1, 0, '2002-09-24 10:44:10', '1988-03-20 14:22:43');
INSERT INTO `users` (`id`, `appeal`, `first_name`, `last_name`, `phone`, `gender`, `email`, `smoking_in_the_room`, `business_traveler`, `created_at`, `updated_at`) VALUES (126, 'Dr.', 'Angelita', 'Jacobson', '+7 (866) 775-01-34', 'm', 'qhilll@example.net', 0, 1, '1997-04-28 14:17:13', '1991-10-17 19:31:30');
INSERT INTO `users` (`id`, `appeal`, `first_name`, `last_name`, `phone`, `gender`, `email`, `smoking_in_the_room`, `business_traveler`, `created_at`, `updated_at`) VALUES (127, 'Mr.', 'Oral', 'Nader', '+7 (861) 774-36-71', 'f', 'wtorphy@example.com', 1, 1, '1996-10-02 17:25:44', '1978-11-07 07:06:01');
INSERT INTO `users` (`id`, `appeal`, `first_name`, `last_name`, `phone`, `gender`, `email`, `smoking_in_the_room`, `business_traveler`, `created_at`, `updated_at`) VALUES (128, 'Miss', 'Gerson', 'Hyatt', '+7 (841) 356-16-80', 'm', 'beulah80@example.com', 0, 1, '1978-08-19 00:40:23', '2019-07-05 14:01:31');
INSERT INTO `users` (`id`, `appeal`, `first_name`, `last_name`, `phone`, `gender`, `email`, `smoking_in_the_room`, `business_traveler`, `created_at`, `updated_at`) VALUES (129, 'Ms.', 'Madilyn', 'Boyle', '+7 (948) 676-38-20', 'f', 'schmeler.maia@example.net', 1, 0, '1995-03-22 11:13:11', '1984-02-01 15:05:29');
INSERT INTO `users` (`id`, `appeal`, `first_name`, `last_name`, `phone`, `gender`, `email`, `smoking_in_the_room`, `business_traveler`, `created_at`, `updated_at`) VALUES (130, 'Prof.', 'Katelyn', 'Miller', '+7 (947) 232-73-64', 'f', 'laurel23@example.com', 1, 0, '1970-07-04 19:35:25', '1992-03-09 09:36:42');
INSERT INTO `users` (`id`, `appeal`, `first_name`, `last_name`, `phone`, `gender`, `email`, `smoking_in_the_room`, `business_traveler`, `created_at`, `updated_at`) VALUES (131, 'Miss', 'Theresa', 'Huel', '+7 (931) 425-36-31', 'f', 'muller.jaylin@example.net', 1, 1, '2007-02-28 23:10:56', '2001-04-20 10:39:16');
INSERT INTO `users` (`id`, `appeal`, `first_name`, `last_name`, `phone`, `gender`, `email`, `smoking_in_the_room`, `business_traveler`, `created_at`, `updated_at`) VALUES (132, 'Mrs.', 'Cullen', 'Reynolds', '+7 (915) 399-74-00', 'f', 'xstreich@example.com', 1, 0, '1972-04-26 17:35:21', '1993-04-27 04:50:53');
INSERT INTO `users` (`id`, `appeal`, `first_name`, `last_name`, `phone`, `gender`, `email`, `smoking_in_the_room`, `business_traveler`, `created_at`, `updated_at`) VALUES (133, 'Prof.', 'Dominique', 'Zieme', '+7 (391) 509-01-70', 'm', 'welch.pink@example.net', 0, 1, '2000-03-02 19:21:05', '2010-06-03 20:38:28');
INSERT INTO `users` (`id`, `appeal`, `first_name`, `last_name`, `phone`, `gender`, `email`, `smoking_in_the_room`, `business_traveler`, `created_at`, `updated_at`) VALUES (134, 'Ms.', 'Ollie', 'Eichmann', '+7 (818) 932-41-39', 'm', 'makayla32@example.org', 0, 0, '2008-11-15 05:54:38', '1971-08-14 20:06:08');
INSERT INTO `users` (`id`, `appeal`, `first_name`, `last_name`, `phone`, `gender`, `email`, `smoking_in_the_room`, `business_traveler`, `created_at`, `updated_at`) VALUES (135, 'Prof.', 'Fleta', 'Ryan', '+7 (817) 565-01-70', 'm', 'qhahn@example.org', 0, 0, '1992-01-20 01:27:32', '1997-09-23 15:10:40');
INSERT INTO `users` (`id`, `appeal`, `first_name`, `last_name`, `phone`, `gender`, `email`, `smoking_in_the_room`, `business_traveler`, `created_at`, `updated_at`) VALUES (136, 'Miss', 'Dameon', 'Heaney', '+7 (851) 367-95-05', 'f', 'destini94@example.org', 0, 1, '1986-02-17 05:59:19', '2005-07-20 04:24:02');
INSERT INTO `users` (`id`, `appeal`, `first_name`, `last_name`, `phone`, `gender`, `email`, `smoking_in_the_room`, `business_traveler`, `created_at`, `updated_at`) VALUES (137, 'Prof.', 'Otis', 'Waelchi', '+7 (903) 935-41-55', 'f', 'carolina.douglas@example.net', 1, 1, '2006-07-27 03:48:01', '2010-02-24 02:08:14');
INSERT INTO `users` (`id`, `appeal`, `first_name`, `last_name`, `phone`, `gender`, `email`, `smoking_in_the_room`, `business_traveler`, `created_at`, `updated_at`) VALUES (138, 'Mr.', 'Hilton', 'Hills', '+7 (937) 264-85-01', 'm', 'cade00@example.com', 0, 1, '1993-04-09 02:44:23', '2017-07-15 00:00:50');
INSERT INTO `users` (`id`, `appeal`, `first_name`, `last_name`, `phone`, `gender`, `email`, `smoking_in_the_room`, `business_traveler`, `created_at`, `updated_at`) VALUES (139, 'Dr.', 'Earnestine', 'Kshlerin', '+7 (873) 300-32-75', 'f', 'vkunde@example.net', 0, 0, '2019-07-02 22:54:59', '1982-03-22 12:37:58');
INSERT INTO `users` (`id`, `appeal`, `first_name`, `last_name`, `phone`, `gender`, `email`, `smoking_in_the_room`, `business_traveler`, `created_at`, `updated_at`) VALUES (140, 'Dr.', 'Clinton', 'Daugherty', '+7 (943) 297-03-03', 'f', 'moore.mary@example.org', 0, 0, '2018-05-20 07:46:51', '1993-05-03 10:30:16');
INSERT INTO `users` (`id`, `appeal`, `first_name`, `last_name`, `phone`, `gender`, `email`, `smoking_in_the_room`, `business_traveler`, `created_at`, `updated_at`) VALUES (141, 'Prof.', 'Modesto', 'Sipes', '+7 (391) 180-13-86', 'm', 'bode.holly@example.com', 1, 1, '2014-06-13 23:06:09', '1996-09-09 22:03:57');
INSERT INTO `users` (`id`, `appeal`, `first_name`, `last_name`, `phone`, `gender`, `email`, `smoking_in_the_room`, `business_traveler`, `created_at`, `updated_at`) VALUES (142, 'Mr.', 'Savannah', 'Metz', '+7 (996) 673-97-42', 'f', 'ychamplin@example.com', 0, 0, '1990-03-11 02:31:14', '2012-12-22 13:22:35');
INSERT INTO `users` (`id`, `appeal`, `first_name`, `last_name`, `phone`, `gender`, `email`, `smoking_in_the_room`, `business_traveler`, `created_at`, `updated_at`) VALUES (143, 'Dr.', 'Osvaldo', 'Wiza', '+7 (996) 305-80-53', 'f', 'adriana47@example.org', 0, 0, '1988-12-08 17:33:56', '2003-08-14 08:58:35');
INSERT INTO `users` (`id`, `appeal`, `first_name`, `last_name`, `phone`, `gender`, `email`, `smoking_in_the_room`, `business_traveler`, `created_at`, `updated_at`) VALUES (144, 'Prof.', 'Timothy', 'Funk', '+7 (965) 508-99-55', 'm', 'ebrekke@example.net', 0, 1, '2004-09-26 21:52:05', '1992-12-16 05:57:43');
INSERT INTO `users` (`id`, `appeal`, `first_name`, `last_name`, `phone`, `gender`, `email`, `smoking_in_the_room`, `business_traveler`, `created_at`, `updated_at`) VALUES (145, 'Mr.', 'Vallie', 'Muller', '+7 (863) 589-19-82', 'f', 'paul57@example.com', 1, 0, '2018-05-25 12:30:50', '2015-01-05 15:17:54');
INSERT INTO `users` (`id`, `appeal`, `first_name`, `last_name`, `phone`, `gender`, `email`, `smoking_in_the_room`, `business_traveler`, `created_at`, `updated_at`) VALUES (146, 'Dr.', 'Orpha', 'Kerluke', '+7 (953) 309-29-25', 'f', 'clifford16@example.org', 1, 0, '2005-03-12 10:26:37', '2007-09-07 17:45:29');
INSERT INTO `users` (`id`, `appeal`, `first_name`, `last_name`, `phone`, `gender`, `email`, `smoking_in_the_room`, `business_traveler`, `created_at`, `updated_at`) VALUES (147, 'Dr.', 'Madisen', 'Wolff', '+7 (401) 463-04-79', 'm', 'sidney.rippin@example.org', 0, 1, '2005-03-10 23:20:49', '1973-09-01 06:03:59');
INSERT INTO `users` (`id`, `appeal`, `first_name`, `last_name`, `phone`, `gender`, `email`, `smoking_in_the_room`, `business_traveler`, `created_at`, `updated_at`) VALUES (148, 'Ms.', 'Skylar', 'Buckridge', '+7 (812) 949-63-64', 'f', 'jhickle@example.net', 0, 1, '2017-09-19 08:35:09', '1980-07-28 16:15:39');
INSERT INTO `users` (`id`, `appeal`, `first_name`, `last_name`, `phone`, `gender`, `email`, `smoking_in_the_room`, `business_traveler`, `created_at`, `updated_at`) VALUES (149, 'Prof.', 'Leola', 'Yost', '+7 (365) 584-73-71', 'f', 'ullrich.gayle@example.net', 0, 0, '2004-07-16 20:55:47', '2010-06-20 06:33:15');
INSERT INTO `users` (`id`, `appeal`, `first_name`, `last_name`, `phone`, `gender`, `email`, `smoking_in_the_room`, `business_traveler`, `created_at`, `updated_at`) VALUES (150, 'Prof.', 'Marilie', 'Towne', '+7 (934) 192-57-96', 'f', 'dennis19@example.com', 1, 0, '1996-07-27 22:49:50', '2009-04-20 05:30:10');


